STATION;LAND_USE;ALT;X;Y;indice;valeur
137;Annual crops;97;3.65;49.71;EI;77
137;Annual crops;97;3.65;49.71;SI;8
137;Annual crops;97;3.65;49.71;ab_libres;142
137;Annual crops;97;3.65;49.71;ab_phytofac;54
137;Annual crops;97;3.65;49.71;ab_phytopar;127
137;Annual crops;97;3.65;49.71;ab_tot;323
137;Annual crops;97;3.65;49.71;CI;69.811320754717
137;Annual crops;97;3.65;49.71;PPI;2.18852459016393
137;Annual crops;97;3.65;49.71;MI;2.04878048780488
152;Pastures and meadows;146;0.56;49.56;EI;67
152;Pastures and meadows;146;0.56;49.56;SI;54
152;Pastures and meadows;146;0.56;49.56;ab_libres;1380
152;Pastures and meadows;146;0.56;49.56;ab_phytofac;525
152;Pastures and meadows;146;0.56;49.56;ab_phytopar;794
152;Pastures and meadows;146;0.56;49.56;ab_tot;2699
152;Pastures and meadows;146;0.56;49.56;CI;9.375
152;Pastures and meadows;146;0.56;49.56;PPI;2.59259259259259
152;Pastures and meadows;146;0.56;49.56;MI;2.07079646017699
157;Pastures and meadows;167;1.66;49.57;EI;40
157;Pastures and meadows;167;1.66;49.57;SI;69
157;Pastures and meadows;167;1.66;49.57;ab_libres;860
157;Pastures and meadows;167;1.66;49.57;ab_phytofac;803
157;Pastures and meadows;167;1.66;49.57;ab_phytopar;1476
157;Pastures and meadows;167;1.66;49.57;ab_tot;3139
157;Pastures and meadows;167;1.66;49.57;CI;38.4615384615385
157;Pastures and meadows;167;1.66;49.57;PPI;2.38993710691824
157;Pastures and meadows;167;1.66;49.57;MI;2.63333333333333
215;Forests & tree plantations;363;5.85;49.37;EI;81
215;Forests & tree plantations;363;5.85;49.37;SI;71
215;Forests & tree plantations;363;5.85;49.37;ab_libres;407
215;Forests & tree plantations;363;5.85;49.37;ab_phytofac;1707
215;Forests & tree plantations;363;5.85;49.37;ab_phytopar;126
215;Forests & tree plantations;363;5.85;49.37;ab_tot;2240
215;Forests & tree plantations;363;5.85;49.37;CI;14.2857142857143
215;Forests & tree plantations;363;5.85;49.37;PPI;2,00
215;Forests & tree plantations;363;5.85;49.37;MI;2.09523809523809
223;Pastures and meadows;40;-0.97;49.24;EI;51
223;Pastures and meadows;40;-0.97;49.24;SI;44
223;Pastures and meadows;40;-0.97;49.24;ab_libres;560
223;Pastures and meadows;40;-0.97;49.24;ab_phytofac;702
223;Pastures and meadows;40;-0.97;49.24;ab_phytopar;1150
223;Pastures and meadows;40;-0.97;49.24;ab_tot;2412
223;Pastures and meadows;40;-0.97;49.24;CI;12.1951219512195
223;Pastures and meadows;40;-0.97;49.24;PPI;2.51648351648352
223;Pastures and meadows;40;-0.97;49.24;MI;2.10909090909091
288;Permanent crops;190;3.86;49.13;EI;65
288;Permanent crops;190;3.86;49.13;SI;34
288;Permanent crops;190;3.86;49.13;ab_libres;188
288;Permanent crops;190;3.86;49.13;ab_phytofac;68
288;Permanent crops;190;3.86;49.13;ab_phytopar;74
288;Permanent crops;190;3.86;49.13;ab_tot;330
291;Annual crops;144;4.51;49.12;EI;76
291;Annual crops;144;4.51;49.12;SI;28
291;Annual crops;144;4.51;49.12;ab_libres;413
291;Annual crops;144;4.51;49.12;ab_phytofac;158
291;Annual crops;144;4.51;49.12;ab_phytopar;43
291;Annual crops;144;4.51;49.12;ab_tot;614
291;Annual crops;144;4.51;49.12;CI;7.57575757575757
291;Annual crops;144;4.51;49.12;PPI;2.17567567567568
291;Annual crops;144;4.51;49.12;MI;1.70394736842105
391;Urban;47;2.32;48.85;EI;59
391;Urban;47;2.32;48.85;SI;63
391;Urban;47;2.32;48.85;ab_libres;114
391;Urban;47;2.32;48.85;ab_phytofac;154
391;Urban;47;2.32;48.85;ab_phytopar;391
391;Urban;47;2.32;48.85;ab_tot;659
400;Annual crops;143;4.28;48.83;EI;90
400;Annual crops;143;4.28;48.83;SI;7
400;Annual crops;143;4.28;48.83;ab_libres;617
400;Annual crops;143;4.28;48.83;ab_phytofac;69
400;Annual crops;143;4.28;48.83;ab_phytopar;128
400;Annual crops;143;4.28;48.83;ab_tot;814
400;Annual crops;143;4.28;48.83;CI;5.26315789473684
400;Annual crops;143;4.28;48.83;PPI;2.45098039215686
400;Annual crops;143;4.28;48.83;MI;1.3375
408;Annual crops;273;6.02;48.79;EI;70
408;Annual crops;273;6.02;48.79;SI;0
408;Annual crops;273;6.02;48.79;ab_libres;1250
408;Annual crops;273;6.02;48.79;ab_phytofac;292
408;Annual crops;273;6.02;48.79;ab_phytopar;3312
408;Annual crops;273;6.02;48.79;ab_tot;4854
408;Annual crops;273;6.02;48.79;CI;25.7731958762887
408;Annual crops;273;6.02;48.79;PPI;2.13294797687861
408;Annual crops;273;6.02;48.79;MI;1.7
423;Pastures and meadows;123;-3.97;48.54;EI;72
423;Pastures and meadows;123;-3.97;48.54;SI;66
423;Pastures and meadows;123;-3.97;48.54;ab_libres;824
423;Pastures and meadows;123;-3.97;48.54;ab_phytofac;113
423;Pastures and meadows;123;-3.97;48.54;ab_phytopar;205
423;Pastures and meadows;123;-3.97;48.54;ab_tot;1142
423;Pastures and meadows;123;-3.97;48.54;CI;2.12765957446808
423;Pastures and meadows;123;-3.97;48.54;PPI;2.76271186440678
423;Pastures and meadows;123;-3.97;48.54;MI;2.15686274509804
476;Annual crops;185;7.53;48.59;EI;70
476;Annual crops;185;7.53;48.59;SI;48
476;Annual crops;185;7.53;48.59;ab_libres;285
476;Annual crops;185;7.53;48.59;ab_phytofac;240
476;Annual crops;185;7.53;48.59;ab_phytopar;492
476;Annual crops;185;7.53;48.59;ab_tot;1017
476;Annual crops;185;7.53;48.59;CI;29.8969072164948
476;Annual crops;185;7.53;48.59;PPI;2.67231638418079
476;Annual crops;185;7.53;48.59;MI;2.02898550724638
609;Annual crops;71;-1.98;48.2;EI;49
609;Annual crops;71;-1.98;48.2;SI;45
609;Annual crops;71;-1.98;48.2;ab_libres;1746
609;Annual crops;71;-1.98;48.2;ab_phytofac;1241
609;Annual crops;71;-1.98;48.2;ab_phytopar;1515
609;Annual crops;71;-1.98;48.2;ab_tot;4502
609;Annual crops;71;-1.98;48.2;CI;7.14285714285714
609;Annual crops;71;-1.98;48.2;PPI;2.45801526717557
609;Annual crops;71;-1.98;48.2;MI;2.13253012048193
620;Forests & tree plantations;89;0.38;48.26;EI;66
620;Forests & tree plantations;89;0.38;48.26;SI;71
620;Forests & tree plantations;89;0.38;48.26;ab_libres;883
620;Forests & tree plantations;89;0.38;48.26;ab_phytofac;1138
620;Forests & tree plantations;89;0.38;48.26;ab_phytopar;124
620;Forests & tree plantations;89;0.38;48.26;ab_tot;2145
620;Forests & tree plantations;89;0.38;48.26;CI;2.04081632653061
620;Forests & tree plantations;89;0.38;48.26;PPI;2.09150326797386
620;Forests & tree plantations;89;0.38;48.26;MI;2.35514018691589
633;Forests & tree plantations;146;3.19;48.27;EI;57
633;Forests & tree plantations;146;3.19;48.27;SI;52
633;Forests & tree plantations;146;3.19;48.27;ab_libres;1115
633;Forests & tree plantations;146;3.19;48.27;ab_phytofac;761
633;Forests & tree plantations;146;3.19;48.27;ab_phytopar;140
633;Forests & tree plantations;146;3.19;48.27;ab_tot;2016
633;Forests & tree plantations;146;3.19;48.27;CI;58.7628865979381
633;Forests & tree plantations;146;3.19;48.27;PPI;2.17857142857143
633;Forests & tree plantations;146;3.19;48.27;MI;2.27884615384615
644;Forests & tree plantations;436;5.55;48.23;EI;64
644;Forests & tree plantations;436;5.55;48.23;SI;60
644;Forests & tree plantations;436;5.55;48.23;ab_libres;343
644;Forests & tree plantations;436;5.55;48.23;ab_phytofac;1219
644;Forests & tree plantations;436;5.55;48.23;ab_phytopar;99
644;Forests & tree plantations;436;5.55;48.23;ab_tot;1661
644;Forests & tree plantations;436;5.55;48.23;CI;8.33333333333333
644;Forests & tree plantations;436;5.55;48.23;PPI;2.01
644;Forests & tree plantations;436;5.55;48.23;MI;2.15384615384615
730;Pastures and meadows;76;-0.68;47.95;EI;84
730;Pastures and meadows;76;-0.68;47.95;SI;69
730;Pastures and meadows;76;-0.68;47.95;ab_libres;821
730;Pastures and meadows;76;-0.68;47.95;ab_phytofac;1571
730;Pastures and meadows;76;-0.68;47.95;ab_phytopar;273
730;Pastures and meadows;76;-0.68;47.95;ab_tot;2665
730;Pastures and meadows;76;-0.68;47.95;CI;4.61538461538462
730;Pastures and meadows;76;-0.68;47.95;PPI;2.14838709677419
730;Pastures and meadows;76;-0.68;47.95;MI;1.94202898550725
788;Pastures and meadows;39;-0.03;47.82;EI;20
788;Pastures and meadows;39;-0.03;47.82;SI;53
788;Pastures and meadows;39;-0.03;47.82;ab_libres;104
788;Pastures and meadows;39;-0.03;47.82;ab_phytofac;94
788;Pastures and meadows;39;-0.03;47.82;ab_phytopar;330
788;Pastures and meadows;39;-0.03;47.82;ab_tot;528
788;Pastures and meadows;39;-0.03;47.82;CI;0
788;Pastures and meadows;39;-0.03;47.82;PPI;2.72093023255814
788;Pastures and meadows;39;-0.03;47.82;MI;2.38095238095238
792;Forests & tree plantations;134;0.83;47.83;EI;47
792;Forests & tree plantations;134;0.83;47.83;SI;30
792;Forests & tree plantations;134;0.83;47.83;ab_libres;345
792;Forests & tree plantations;134;0.83;47.83;ab_phytofac;1207
792;Forests & tree plantations;134;0.83;47.83;ab_phytopar;172
792;Forests & tree plantations;134;0.83;47.83;ab_tot;1724
792;Forests & tree plantations;134;0.83;47.83;CI;51.2195121951219
792;Forests & tree plantations;134;0.83;47.83;PPI;2.00892857142857
792;Forests & tree plantations;134;0.83;47.83;MI;2.08928571428571
805;Forests & tree plantations;183;3.61;47.84;EI;85
805;Forests & tree plantations;183;3.61;47.84;SI;60
805;Forests & tree plantations;183;3.61;47.84;ab_libres;38
805;Forests & tree plantations;183;3.61;47.84;ab_phytofac;38
805;Forests & tree plantations;183;3.61;47.84;ab_phytopar;5
805;Forests & tree plantations;183;3.61;47.84;ab_tot;81
805;Forests & tree plantations;183;3.61;47.84;CI;7.69230769230769
805;Forests & tree plantations;183;3.61;47.84;PPI;2.12280701754386
805;Forests & tree plantations;183;3.61;47.84;MI;1.78
812;Forests & tree plantations;450;5.1;47.81;EI;76
812;Forests & tree plantations;450;5.1;47.81;SI;84
812;Forests & tree plantations;450;5.1;47.81;ab_libres;95
812;Forests & tree plantations;450;5.1;47.81;ab_phytofac;1533
812;Forests & tree plantations;450;5.1;47.81;ab_phytopar;82
812;Forests & tree plantations;450;5.1;47.81;ab_tot;1710
812;Forests & tree plantations;450;5.1;47.81;CI;7.69230769230769
812;Forests & tree plantations;450;5.1;47.81;PPI;2.0337552742616
812;Forests & tree plantations;450;5.1;47.81;MI;2.5
827;Pastures and meadows;1;-2.79;47.59;EI;40
827;Pastures and meadows;1;-2.79;47.59;SI;76
827;Pastures and meadows;1;-2.79;47.59;ab_libres;581
827;Pastures and meadows;1;-2.79;47.59;ab_phytofac;866
827;Pastures and meadows;1;-2.79;47.59;ab_phytopar;404
827;Pastures and meadows;1;-2.79;47.59;ab_tot;1851
827;Pastures and meadows;1;-2.79;47.59;CI;15.7894736842105
827;Pastures and meadows;1;-2.79;47.59;PPI;2.18604651162791
827;Pastures and meadows;1;-2.79;47.59;MI;2.66101694915254
870;Forests & tree plantations;289;6.37;47.63;EI;67
870;Forests & tree plantations;289;6.37;47.63;SI;86
870;Forests & tree plantations;289;6.37;47.63;ab_libres;147
870;Forests & tree plantations;289;6.37;47.63;ab_phytofac;1998
870;Forests & tree plantations;289;6.37;47.63;ab_phytopar;193
870;Forests & tree plantations;289;6.37;47.63;ab_tot;2338
870;Forests & tree plantations;289;6.37;47.63;CI;33.3333333333333
870;Forests & tree plantations;289;6.37;47.63;PPI;2.07142857142857
870;Forests & tree plantations;289;6.37;47.63;MI;3,00
926;Forests & tree plantations;502;7.21;47.45;EI;24
926;Forests & tree plantations;502;7.21;47.45;SI;82
926;Forests & tree plantations;502;7.21;47.45;ab_libres;132
926;Forests & tree plantations;502;7.21;47.45;ab_phytofac;566
926;Forests & tree plantations;502;7.21;47.45;ab_phytopar;196
926;Forests & tree plantations;502;7.21;47.45;ab_tot;894
926;Forests & tree plantations;502;7.21;47.45;CI;20
926;Forests & tree plantations;502;7.21;47.45;PPI;2.1980198019802
926;Forests & tree plantations;502;7.21;47.45;MI;2.97142857142857
1030;Annual crops;172;-0.63;47.09;EI;65
1030;Annual crops;172;-0.63;47.09;SI;70
1030;Annual crops;172;-0.63;47.09;ab_libres;562
1030;Annual crops;172;-0.63;47.09;ab_phytofac;959
1030;Annual crops;172;-0.63;47.09;ab_phytopar;59
1030;Annual crops;172;-0.63;47.09;ab_tot;1580
1030;Annual crops;172;-0.63;47.09;CI;14.2857142857143
1030;Annual crops;172;-0.63;47.09;PPI;2.06976744186047
1030;Annual crops;172;-0.63;47.09;MI;2.35789473684211
1058;Annual crops;184;5.27;47.09;EI;70
1058;Annual crops;184;5.27;47.09;SI;48
1058;Annual crops;184;5.27;47.09;ab_libres;233
1058;Annual crops;184;5.27;47.09;ab_phytofac;82
1058;Annual crops;184;5.27;47.09;ab_phytopar;1065
1058;Annual crops;184;5.27;47.09;ab_tot;1380
1058;Annual crops;184;5.27;47.09;CI;23.0769230769231
1058;Annual crops;184;5.27;47.09;PPI;2.01648351648352
1058;Annual crops;184;5.27;47.09;MI;2,00
1064;Pastures and meadows;885;6.54;47.05;EI;54
1064;Pastures and meadows;885;6.54;47.05;SI;56
1064;Pastures and meadows;885;6.54;47.05;ab_libres;1048
1064;Pastures and meadows;885;6.54;47.05;ab_phytofac;1093
1064;Pastures and meadows;885;6.54;47.05;ab_phytopar;896
1064;Pastures and meadows;885;6.54;47.05;ab_tot;3037
1064;Pastures and meadows;885;6.54;47.05;CI;21.5686274509804
1064;Pastures and meadows;885;6.54;47.05;PPI;2.44274809160305
1064;Pastures and meadows;885;6.54;47.05;MI;2.26086956521739
1090;Annual crops;215;2.74;46.98;EI;23
1090;Annual crops;215;2.74;46.98;SI;40
1090;Annual crops;215;2.74;46.98;ab_libres;438
1090;Annual crops;215;2.74;46.98;ab_phytofac;719
1090;Annual crops;215;2.74;46.98;ab_phytopar;1407
1090;Annual crops;215;2.74;46.98;ab_tot;2564
1090;Annual crops;215;2.74;46.98;CI;100
1090;Annual crops;215;2.74;46.98;PPI;2.66176470588235
1090;Annual crops;215;2.74;46.98;MI;2.28571428571429
1141;Pastures and meadows;318;4.21;46.82;EI;45
1141;Pastures and meadows;318;4.21;46.82;SI;23
1141;Pastures and meadows;318;4.21;46.82;ab_libres;199
1141;Pastures and meadows;318;4.21;46.82;ab_phytofac;455
1141;Pastures and meadows;318;4.21;46.82;ab_phytopar;220
1141;Pastures and meadows;318;4.21;46.82;ab_tot;874
1141;Pastures and meadows;318;4.21;46.82;CI;28.2051282051282
1141;Pastures and meadows;318;4.21;46.82;PPI;2.23834196891192
1141;Pastures and meadows;318;4.21;46.82;MI;2,00
1166;Annual crops;113;0.86;46.68;EI;51
1166;Annual crops;113;0.86;46.68;SI;53
1166;Annual crops;113;0.86;46.68;ab_libres;130
1166;Annual crops;113;0.86;46.68;ab_phytofac;62
1166;Annual crops;113;0.86;46.68;ab_phytopar;625
1166;Annual crops;113;0.86;46.68;ab_tot;817
1166;Annual crops;113;0.86;46.68;CI;28.5714285714286
1166;Annual crops;113;0.86;46.68;PPI;2.91044776119403
1166;Annual crops;113;0.86;46.68;MI;2.26315789473684
1174;Annual crops;168;2.53;46.69;EI;44
1174;Annual crops;168;2.53;46.69;SI;46
1174;Annual crops;168;2.53;46.69;ab_libres;185
1174;Annual crops;168;2.53;46.69;ab_phytofac;172
1174;Annual crops;168;2.53;46.69;ab_phytopar;653
1174;Annual crops;168;2.53;46.69;ab_tot;1010
1174;Annual crops;168;2.53;46.69;CI;52
1174;Annual crops;168;2.53;46.69;PPI;2.79679144385027
1174;Annual crops;168;2.53;46.69;MI;2.23809523809524
1180;Pastures and meadows;271;3.79;46.68;EI;44
1180;Pastures and meadows;271;3.79;46.68;SI;32
1180;Pastures and meadows;271;3.79;46.68;ab_libres;948
1180;Pastures and meadows;271;3.79;46.68;ab_phytofac;435
1180;Pastures and meadows;271;3.79;46.68;ab_phytopar;644
1180;Pastures and meadows;271;3.79;46.68;ab_tot;2027
1180;Pastures and meadows;271;3.79;46.68;CI;13.8461538461538
1180;Pastures and meadows;271;3.79;46.68;PPI;2.45161290322581
1180;Pastures and meadows;271;3.79;46.68;MI;2.04587155963303
1237;Pastures and meadows;3;-1.42;46.34;EI;73
1237;Pastures and meadows;3;-1.42;46.34;SI;20
1237;Pastures and meadows;3;-1.42;46.34;ab_libres;570
1237;Pastures and meadows;3;-1.42;46.34;ab_phytofac;479
1237;Pastures and meadows;3;-1.42;46.34;ab_phytopar;406
1237;Pastures and meadows;3;-1.42;46.34;ab_tot;1455
1237;Pastures and meadows;3;-1.42;46.34;CI;13.7254901960784
1237;Pastures and meadows;3;-1.42;46.34;PPI;2.45205479452055
1237;Pastures and meadows;3;-1.42;46.34;MI;1.72340425531915
1243;Annual crops;94;-0.17;46.38;EI;83
1243;Annual crops;94;-0.17;46.38;SI;43
1243;Annual crops;94;-0.17;46.38;ab_libres;986
1243;Annual crops;94;-0.17;46.38;ab_phytofac;452
1243;Annual crops;94;-0.17;46.38;ab_phytopar;838
1243;Annual crops;94;-0.17;46.38;ab_tot;2276
1243;Annual crops;94;-0.17;46.38;CI;10.1321585903084
1243;Annual crops;94;-0.17;46.38;PPI;2.65
1243;Annual crops;94;-0.17;46.38;MI;1.69158878504673
1274;Pastures and meadows;432;6.27;46.34;EI;28
1274;Pastures and meadows;432;6.27;46.34;SI;37
1274;Pastures and meadows;432;6.27;46.34;ab_libres;561
1274;Pastures and meadows;432;6.27;46.34;ab_phytofac;2935
1274;Pastures and meadows;432;6.27;46.34;ab_phytopar;1231
1274;Pastures and meadows;432;6.27;46.34;ab_tot;4727
1274;Pastures and meadows;432;6.27;46.34;CI;50
1274;Pastures and meadows;432;6.27;46.34;PPI;2.29533678756477
1274;Pastures and meadows;432;6.27;46.34;MI;2.19230769230769
1310;Annual crops;201;5.02;46.23;EI;67
1310;Annual crops;201;5.02;46.23;SI;85
1310;Annual crops;201;5.02;46.23;ab_libres;408
1310;Annual crops;201;5.02;46.23;ab_phytofac;269
1310;Annual crops;201;5.02;46.23;ab_phytopar;328
1310;Annual crops;201;5.02;46.23;ab_tot;1005
1310;Annual crops;201;5.02;46.23;CI;14.7540983606557
1310;Annual crops;201;5.02;46.23;PPI;2.55
1310;Annual crops;201;5.02;46.23;MI;2.86585365853659
1366;Annual crops;62;-0.57;45.93;EI;76
1366;Annual crops;62;-0.57;45.93;SI;69
1366;Annual crops;62;-0.57;45.93;ab_libres;784
1366;Annual crops;62;-0.57;45.93;ab_phytofac;218
1366;Annual crops;62;-0.57;45.93;ab_phytopar;819
1366;Annual crops;62;-0.57;45.93;ab_tot;1821
1366;Annual crops;62;-0.57;45.93;CI;14.4654088050314
1366;Annual crops;62;-0.57;45.93;PPI;2.78947368421053
1366;Annual crops;62;-0.57;45.93;MI;2.17391304347826
1372;Forests & tree plantations;223;0.67;45.96;EI;79
1372;Forests & tree plantations;223;0.67;45.96;SI;77
1372;Forests & tree plantations;223;0.67;45.96;ab_libres;717
1372;Forests & tree plantations;223;0.67;45.96;ab_phytofac;1192
1372;Forests & tree plantations;223;0.67;45.96;ab_phytopar;33
1372;Forests & tree plantations;223;0.67;45.96;ab_tot;1942
1372;Forests & tree plantations;223;0.67;45.96;CI;2.4390243902439
1372;Forests & tree plantations;223;0.67;45.96;PPI;2.03603603603604
1372;Forests & tree plantations;223;0.67;45.96;MI;2.23076923076923
1464;Forests & tree plantations;983;2.94;45.68;EI;46
1464;Forests & tree plantations;983;2.94;45.68;SI;11
1464;Forests & tree plantations;983;2.94;45.68;ab_libres;1211
1464;Forests & tree plantations;983;2.94;45.68;ab_phytofac;268
1464;Forests & tree plantations;983;2.94;45.68;ab_phytopar;57
1464;Forests & tree plantations;983;2.94;45.68;ab_tot;1536
1464;Forests & tree plantations;983;2.94;45.68;CI;16.9811320754717
1464;Forests & tree plantations;983;2.94;45.68;PPI;2.125
1464;Forests & tree plantations;983;2.94;45.68;MI;1.8993288590604
1477;Forests & tree plantations;209;5.61;45.64;EI;93
1477;Forests & tree plantations;209;5.61;45.64;SI;32
1477;Forests & tree plantations;209;5.61;45.64;ab_libres;1148
1477;Forests & tree plantations;209;5.61;45.64;ab_phytofac;268
1477;Forests & tree plantations;209;5.61;45.64;ab_phytopar;306
1477;Forests & tree plantations;209;5.61;45.64;ab_tot;1722
1477;Forests & tree plantations;209;5.61;45.64;CI;3.7199124726477
1477;Forests & tree plantations;209;5.61;45.64;PPI;2.54666666666667
1477;Forests & tree plantations;209;5.61;45.64;MI;1.32
1491;Annual crops;114;0.07;45.52;EI;78
1491;Annual crops;114;0.07;45.52;SI;82
1491;Annual crops;114;0.07;45.52;ab_libres;307
1491;Annual crops;114;0.07;45.52;ab_phytofac;546
1491;Annual crops;114;0.07;45.52;ab_phytopar;757
1491;Annual crops;114;0.07;45.52;ab_tot;1610
1491;Annual crops;114;0.07;45.52;CI;16.1290322580645
1491;Annual crops;114;0.07;45.52;PPI;2.62303664921466
1491;Annual crops;114;0.07;45.52;MI;2.6
1537;Pastures and meadows;206;0.89;45.39;EI;54
1537;Pastures and meadows;206;0.89;45.39;SI;51
1537;Pastures and meadows;206;0.89;45.39;ab_libres;909
1537;Pastures and meadows;206;0.89;45.39;ab_phytofac;416
1537;Pastures and meadows;206;0.89;45.39;ab_phytopar;1553
1537;Pastures and meadows;206;0.89;45.39;ab_tot;2878
1537;Pastures and meadows;206;0.89;45.39;CI;12.7272727272727
1537;Pastures and meadows;206;0.89;45.39;PPI;2.81410256410256
1537;Pastures and meadows;206;0.89;45.39;MI;2.16666666666667
1549;Pastures and meadows;405;3.35;45.39;EI;49
1549;Pastures and meadows;405;3.35;45.39;SI;48
1549;Pastures and meadows;405;3.35;45.39;ab_libres;662
1549;Pastures and meadows;405;3.35;45.39;ab_phytofac;929
1549;Pastures and meadows;405;3.35;45.39;ab_phytopar;1057
1549;Pastures and meadows;405;3.35;45.39;ab_tot;2648
1549;Pastures and meadows;405;3.35;45.39;CI;30
1549;Pastures and meadows;405;3.35;45.39;PPI;2.14035087719298
1549;Pastures and meadows;405;3.35;45.39;MI;2.21052631578947
1556;Permanent crops;137;4.77;45.37;EI;93
1556;Permanent crops;137;4.77;45.37;SI;40
1556;Permanent crops;137;4.77;45.37;ab_libres;1126
1556;Permanent crops;137;4.77;45.37;ab_phytofac;119
1556;Permanent crops;137;4.77;45.37;ab_phytopar;125
1556;Permanent crops;137;4.77;45.37;ab_tot;1370
1587;Pastures and meadows;915;2.53;45.25;EI;57
1587;Pastures and meadows;915;2.53;45.25;SI;83
1587;Pastures and meadows;915;2.53;45.25;ab_libres;2120
1587;Pastures and meadows;915;2.53;45.25;ab_phytofac;707
1587;Pastures and meadows;915;2.53;45.25;ab_phytopar;870
1587;Pastures and meadows;915;2.53;45.25;ab_tot;3697
1587;Pastures and meadows;915;2.53;45.25;CI;6.25
1587;Pastures and meadows;915;2.53;45.25;PPI;2.40229885057471
1587;Pastures and meadows;915;2.53;45.25;MI;2.87179487179487
1660;Annual crops;130;0.7;44.95;EI;49
1660;Annual crops;130;0.7;44.95;SI;31
1660;Annual crops;130;0.7;44.95;ab_libres;557
1660;Annual crops;130;0.7;44.95;ab_phytofac;494
1660;Annual crops;130;0.7;44.95;ab_phytopar;88
1660;Annual crops;130;0.7;44.95;ab_tot;1139
1660;Annual crops;130;0.7;44.95;CI;30.2325581395349
1660;Annual crops;130;0.7;44.95;PPI;2.15126050420168
1660;Annual crops;130;0.7;44.95;MI;2.03508771929825
1677;Pastures and meadows;1309;4.15;44.95;EI;52
1677;Pastures and meadows;1309;4.15;44.95;SI;45
1677;Pastures and meadows;1309;4.15;44.95;ab_libres;1745
1677;Pastures and meadows;1309;4.15;44.95;ab_phytofac;367
1677;Pastures and meadows;1309;4.15;44.95;ab_phytopar;276
1677;Pastures and meadows;1309;4.15;44.95;ab_tot;2388
1677;Pastures and meadows;1309;4.15;44.95;CI;27.027027027027
1677;Pastures and meadows;1309;4.15;44.95;PPI;2.3
1677;Pastures and meadows;1309;4.15;44.95;MI;2.14210526315789
1686;Pastures and meadows;1883;5.97;44.91;EI;55
1686;Pastures and meadows;1883;5.97;44.91;SI;10
1686;Pastures and meadows;1883;5.97;44.91;ab_libres;43
1686;Pastures and meadows;1883;5.97;44.91;ab_phytofac;35
1686;Pastures and meadows;1883;5.97;44.91;ab_phytopar;5
1686;Pastures and meadows;1883;5.97;44.91;ab_tot;83
1686;Pastures and meadows;1883;5.97;44.91;CI;68.9655172413793
1686;Pastures and meadows;1883;5.97;44.91;PPI;2.05050505050505
1686;Pastures and meadows;1883;5.97;44.91;MI;1.96261682242991
1694;Annual crops;52;-0.91;44.77;EI;64
1694;Annual crops;52;-0.91;44.77;SI;60
1694;Annual crops;52;-0.91;44.77;ab_libres;287
1694;Annual crops;52;-0.91;44.77;ab_phytofac;66
1694;Annual crops;52;-0.91;44.77;ab_phytopar;142
1694;Annual crops;52;-0.91;44.77;ab_tot;495
1694;Annual crops;52;-0.91;44.77;CI;8.47457627118644
1694;Annual crops;52;-0.91;44.77;PPI;2.76470588235294
1694;Annual crops;52;-0.91;44.77;MI;2.17948717948718
1706;Forests & tree plantations;216;1.52;44.82;EI;87
1706;Forests & tree plantations;216;1.52;44.82;SI;81
1706;Forests & tree plantations;216;1.52;44.82;ab_libres;970
1706;Forests & tree plantations;216;1.52;44.82;ab_phytofac;1900
1706;Forests & tree plantations;216;1.52;44.82;ab_phytopar;40
1706;Forests & tree plantations;216;1.52;44.82;ab_tot;2910
1706;Forests & tree plantations;216;1.52;44.82;CI;1.63934426229508
1706;Forests & tree plantations;216;1.52;44.82;PPI;2.03424657534247
1706;Forests & tree plantations;216;1.52;44.82;MI;2.13698630136986
1768;Forests & tree plantations;759;5.35;44.64;EI;53
1768;Forests & tree plantations;759;5.35;44.64;SI;43
1768;Forests & tree plantations;759;5.35;44.64;ab_libres;162
1768;Forests & tree plantations;759;5.35;44.64;ab_phytofac;236
1768;Forests & tree plantations;759;5.35;44.64;ab_phytopar;29
1768;Forests & tree plantations;759;5.35;44.64;ab_tot;427
1768;Forests & tree plantations;759;5.35;44.64;CI;42.0289855072464
1768;Forests & tree plantations;759;5.35;44.64;PPI;2.08823529411765
1768;Forests & tree plantations;759;5.35;44.64;MI;2.1566265060241
1826;Annual crops;90;0.12;44.37;EI;64
1826;Annual crops;90;0.12;44.37;SI;51
1826;Annual crops;90;0.12;44.37;ab_libres;336
1826;Annual crops;90;0.12;44.37;ab_phytofac;710
1826;Annual crops;90;0.12;44.37;ab_phytopar;528
1826;Annual crops;90;0.12;44.37;ab_tot;1574
1826;Annual crops;90;0.12;44.37;CI;6.38297872340426
1826;Annual crops;90;0.12;44.37;PPI;2.43827160493827
1826;Annual crops;90;0.12;44.37;MI;2.06818181818182
1837;Pastures and meadows;579;2.32;44.39;EI;41
1837;Pastures and meadows;579;2.32;44.39;SI;16
1837;Pastures and meadows;579;2.32;44.39;ab_libres;678
1837;Pastures and meadows;579;2.32;44.39;ab_phytofac;440
1837;Pastures and meadows;579;2.32;44.39;ab_phytopar;1012
1837;Pastures and meadows;579;2.32;44.39;ab_tot;2130
1837;Pastures and meadows;579;2.32;44.39;CI;39.1304347826087
1837;Pastures and meadows;579;2.32;44.39;PPI;2.6969696969697
1837;Pastures and meadows;579;2.32;44.39;MI;1.98701298701299
1875;Annual crops;187;1.32;44.24;EI;96
1875;Annual crops;187;1.32;44.24;SI;83
1875;Annual crops;187;1.32;44.24;ab_libres;1128
1875;Annual crops;187;1.32;44.24;ab_phytofac;378
1875;Annual crops;187;1.32;44.24;ab_phytopar;196
1875;Annual crops;187;1.32;44.24;ab_tot;1702
1875;Annual crops;187;1.32;44.24;CI;2.41935483870968
1875;Annual crops;187;1.32;44.24;PPI;2.34146341463415
1875;Annual crops;187;1.32;44.24;MI;1.54037267080745
1887;Pastures and meadows;908;3.72;44.24;EI;27
1887;Pastures and meadows;908;3.72;44.24;SI;72
1887;Pastures and meadows;908;3.72;44.24;ab_libres;442
1887;Pastures and meadows;908;3.72;44.24;ab_phytofac;557
1887;Pastures and meadows;908;3.72;44.24;ab_phytopar;115
1887;Pastures and meadows;908;3.72;44.24;ab_tot;1114
1887;Pastures and meadows;908;3.72;44.24;CI;77.7777777777778
1887;Pastures and meadows;908;3.72;44.24;PPI;2.01369863013699
1887;Pastures and meadows;908;3.72;44.24;MI;2.61458333333333
1893;Permanent crops;113;4.92;44.21;EI;46
1893;Permanent crops;113;4.92;44.21;SI;9
1893;Permanent crops;113;4.92;44.21;ab_libres;144
1893;Permanent crops;113;4.92;44.21;ab_phytofac;44
1893;Permanent crops;113;4.92;44.21;ab_phytopar;201
1893;Permanent crops;113;4.92;44.21;ab_tot;389
1992;Annual crops;712;6.1;43.89;EI;52
1992;Annual crops;712;6.1;43.89;SI;7
1992;Annual crops;712;6.1;43.89;ab_libres;975
1992;Annual crops;712;6.1;43.89;ab_phytofac;256
1992;Annual crops;712;6.1;43.89;ab_phytopar;29
1992;Annual crops;712;6.1;43.89;ab_tot;1260
1992;Annual crops;712;6.1;43.89;CI;76.9784172661871
1992;Annual crops;712;6.1;43.89;PPI;2.1
1992;Annual crops;712;6.1;43.89;MI;1.97810218978102
1996;Pastures and meadows;756;6.9;43.86;EI;42
1996;Pastures and meadows;756;6.9;43.86;SI;18
1996;Pastures and meadows;756;6.9;43.86;ab_libres;404
1996;Pastures and meadows;756;6.9;43.86;ab_phytofac;444
1996;Pastures and meadows;756;6.9;43.86;ab_phytopar;157
1996;Pastures and meadows;756;6.9;43.86;ab_tot;1005
1996;Pastures and meadows;756;6.9;43.86;CI;12.258064516129
1996;Pastures and meadows;756;6.9;43.86;PPI;2.7047619047619
1996;Pastures and meadows;756;6.9;43.86;MI;1.60975609756098
2011;Annual crops;195;0.74;43.8;EI;70
2011;Annual crops;195;0.74;43.8;SI;8
2011;Annual crops;195;0.74;43.8;ab_libres;438
2011;Annual crops;195;0.74;43.8;ab_phytofac;86
2011;Annual crops;195;0.74;43.8;ab_phytopar;190
2011;Annual crops;195;0.74;43.8;ab_tot;714
2011;Annual crops;195;0.74;43.8;CI;32.4200913242009
2011;Annual crops;195;0.74;43.8;PPI;2.68674698795181
2011;Annual crops;195;0.74;43.8;MI;1.75
2021;Forests & tree plantations;488;2.72;43.81;EI;75
2021;Forests & tree plantations;488;2.72;43.81;SI;81
2021;Forests & tree plantations;488;2.72;43.81;ab_libres;335
2021;Forests & tree plantations;488;2.72;43.81;ab_phytofac;417
2021;Forests & tree plantations;488;2.72;43.81;ab_phytopar;41
2021;Forests & tree plantations;488;2.72;43.81;ab_tot;793
2021;Forests & tree plantations;488;2.72;43.81;CI;14.2857142857143
2021;Forests & tree plantations;488;2.72;43.81;PPI;2.10714285714286
2021;Forests & tree plantations;488;2.72;43.81;MI;2.51219512195122
2034;Forests & tree plantations;332;5.3;43.77;EI;43
2034;Forests & tree plantations;332;5.3;43.77;SI;20
2034;Forests & tree plantations;332;5.3;43.77;ab_libres;781
2034;Forests & tree plantations;332;5.3;43.77;ab_phytofac;194
2034;Forests & tree plantations;332;5.3;43.77;ab_phytopar;387
2034;Forests & tree plantations;332;5.3;43.77;ab_tot;1362
2034;Forests & tree plantations;332;5.3;43.77;CI;52.3809523809524
2034;Forests & tree plantations;332;5.3;43.77;PPI;2.17708333333333
2034;Forests & tree plantations;332;5.3;43.77;MI;2.03100775193798
2076;Pastures and meadows;1;4.5;43.65;EI;63
2076;Pastures and meadows;1;4.5;43.65;SI;45
2076;Pastures and meadows;1;4.5;43.65;ab_libres;118
2076;Pastures and meadows;1;4.5;43.65;ab_phytofac;5
2076;Pastures and meadows;1;4.5;43.65;ab_phytopar;0
2076;Pastures and meadows;1;4.5;43.65;ab_tot;123
2076;Pastures and meadows;1;4.5;43.65;CI;20
2076;Pastures and meadows;1;4.5;43.65;PPI;2,00
2076;Pastures and meadows;1;4.5;43.65;MI;2.05
2142;Annual crops;187;-0.43;43.35;EI;82
2142;Annual crops;187;-0.43;43.35;SI;69
2142;Annual crops;187;-0.43;43.35;ab_libres;151
2142;Annual crops;187;-0.43;43.35;ab_phytofac;322
2142;Annual crops;187;-0.43;43.35;ab_phytopar;3
2142;Annual crops;187;-0.43;43.35;ab_tot;476
2142;Annual crops;187;-0.43;43.35;CI;5.88235294117647
2142;Annual crops;187;-0.43;43.35;PPI;2,00
2142;Annual crops;187;-0.43;43.35;MI;2.01587301587302
2182;Annual crops;246;-0.23;43.21;EI;92
2182;Annual crops;246;-0.23;43.21;SI;58
2182;Annual crops;246;-0.23;43.21;ab_libres;530
2182;Annual crops;246;-0.23;43.21;ab_phytofac;274
2182;Annual crops;246;-0.23;43.21;ab_phytopar;47
2182;Annual crops;246;-0.23;43.21;ab_tot;851
2182;Annual crops;246;-0.23;43.21;CI;0.2710027100271
2182;Annual crops;246;-0.23;43.21;PPI;2.14457831325301
2182;Annual crops;246;-0.23;43.21;MI;1.48905109489051
2205;Forests & tree plantations;261;5.86;43.18;EI;34
2205;Forests & tree plantations;261;5.86;43.18;SI;57
2205;Forests & tree plantations;261;5.86;43.18;ab_libres;376
2205;Forests & tree plantations;261;5.86;43.18;ab_phytofac;369
2205;Forests & tree plantations;261;5.86;43.18;ab_phytopar;29
2205;Forests & tree plantations;261;5.86;43.18;ab_tot;774
2205;Forests & tree plantations;261;5.86;43.18;CI;63.6363636363636
2205;Forests & tree plantations;261;5.86;43.18;PPI;2.05511811023622
2205;Forests & tree plantations;261;5.86;43.18;MI;2.44166666666667
2257;Forests & tree plantations;499;2.13;42.95;EI;31
2257;Forests & tree plantations;499;2.13;42.95;SI;86
2257;Forests & tree plantations;499;2.13;42.95;ab_libres;468
2257;Forests & tree plantations;499;2.13;42.95;ab_phytofac;3379
2257;Forests & tree plantations;499;2.13;42.95;ab_phytopar;52
2257;Forests & tree plantations;499;2.13;42.95;ab_tot;3899
2257;Forests & tree plantations;499;2.13;42.95;CI;100
2257;Forests & tree plantations;499;2.13;42.95;PPI;2.01515151515152
2257;Forests & tree plantations;499;2.13;42.95;MI;3.22222222222222
2260;Forests & tree plantations;378;2.72;42.95;EI;24
2260;Forests & tree plantations;378;2.72;42.95;SI;45
2260;Forests & tree plantations;378;2.72;42.95;ab_libres;615
2260;Forests & tree plantations;378;2.72;42.95;ab_phytofac;1548
2260;Forests & tree plantations;378;2.72;42.95;ab_phytopar;10
2260;Forests & tree plantations;378;2.72;42.95;ab_tot;2173
2260;Forests & tree plantations;378;2.72;42.95;CI;75
2260;Forests & tree plantations;378;2.72;42.95;PPI;2.00617283950617
2260;Forests & tree plantations;378;2.72;42.95;MI;2.3125
2276;Forests & tree plantations;1247;1.35;42.8;EI;36
2276;Forests & tree plantations;1247;1.35;42.8;SI;69
2276;Forests & tree plantations;1247;1.35;42.8;ab_libres;969
2276;Forests & tree plantations;1247;1.35;42.8;ab_phytofac;1015
2276;Forests & tree plantations;1247;1.35;42.8;ab_phytopar;259
2276;Forests & tree plantations;1247;1.35;42.8;ab_tot;2243
2276;Forests & tree plantations;1247;1.35;42.8;CI;55.5555555555555
2276;Forests & tree plantations;1247;1.35;42.8;PPI;2.11594202898551
2276;Forests & tree plantations;1247;1.35;42.8;MI;2.59047619047619
2312;Pastures and meadows;2266;1.74;42.52;EI;45
2312;Pastures and meadows;2266;1.74;42.52;SI;67
2312;Pastures and meadows;2266;1.74;42.52;ab_libres;561
2312;Pastures and meadows;2266;1.74;42.52;ab_phytofac;104
2312;Pastures and meadows;2266;1.74;42.52;ab_phytopar;88
2312;Pastures and meadows;2266;1.74;42.52;ab_tot;753
2312;Pastures and meadows;2266;1.74;42.52;CI;37.6623376623377
2312;Pastures and meadows;2266;1.74;42.52;PPI;2.18
2312;Pastures and meadows;2266;1.74;42.52;MI;2.54109589041096
