STATION;METHOD;REPETITION;CLASS;ORDER;FAMILY;LB_NOM;NOM_VALIDE;RANK;TOTAL_ABUND;REMARK;;
2205;Pitfall traps;6;Arachnida;Araneae;Agelenidae;Eratigena fuesslini;Eratigena fuesslini (Pavesi, 1873);S;1;;;
2257;Pitfall traps;3;Arachnida;Araneae;Agelenidae;Eratigena fuesslini;Eratigena fuesslini (Pavesi, 1873);S;4;;;
2257;Pitfall traps;6;Arachnida;Araneae;Agelenidae;Eratigena fuesslini;Eratigena fuesslini (Pavesi, 1873);S;1;;;
2021;Pitfall traps;3;Arachnida;Araneae;Amaurobiidae;Amaurobius erberi;Amaurobius erberi (Keyserling, 1863);S;1;;;
2257;Pitfall traps;1;Arachnida;Araneae;Clubionidae;Clubiona;Clubiona Latreille, 1804;G;1;;;
2034;Pitfall traps;2;Arachnida;Araneae;Dictynidae;Argenna subnigra;Argenna subnigra (O. Pickard-Cambridge, 1861);S;1;;;
2021;Pitfall traps;4;Arachnida;Araneae;Dipluridae;Diplura;Diplura C. L. Koch, 1850;G;1;;;
2205;Pitfall traps;3;Arachnida;Araneae;Dysderidae;Harpactea arguta;Harpactea arguta (Simon, 1907);S;1;;;
2205;Pitfall traps;5;Arachnida;Araneae;Dysderidae;Harpactea arguta;Harpactea arguta (Simon, 1907);S;1;;;
1477;Pitfall traps;3;Arachnida;Araneae;Gnaphosidae;Drassyllus pusillus;Drassyllus pusillus (C.L. Koch, 1833);S;1;;;
1477;Pitfall traps;3;Arachnida;Araneae;Gnaphosidae;Gnaphosidae;Gnaphosidae Pocock, 1898;F;1;;;
1477;Pitfall traps;4;Arachnida;Araneae;Gnaphosidae;Gnaphosidae;Gnaphosidae Pocock, 1898;F;1;;;
2021;Pitfall traps;1;Arachnida;Araneae;Gnaphosidae;Gnaphosidae;Gnaphosidae Pocock, 1898;F;1;;;
2021;Pitfall traps;3;Arachnida;Araneae;Gnaphosidae;Gnaphosidae;Gnaphosidae Pocock, 1898;F;2;;;
2021;Pitfall traps;4;Arachnida;Araneae;Gnaphosidae;Gnaphosidae;Gnaphosidae Pocock, 1898;F;1;;;
2021;Pitfall traps;6;Arachnida;Araneae;Gnaphosidae;Gnaphosidae;Gnaphosidae Pocock, 1898;F;3;;;
2034;Pitfall traps;1;Arachnida;Araneae;Gnaphosidae;Zelotes thorelli;Zelotes thorelli Simon, 1914;S;2;;;
2034;Pitfall traps;3;Arachnida;Araneae;Gnaphosidae;Gnaphosidae;Gnaphosidae Pocock, 1898;F;2;;;
2034;Pitfall traps;3;Arachnida;Araneae;Gnaphosidae;Zelotes fulvopilosus;Zelotes fulvopilosus (Simon, 1878);S;1;;;
2034;Pitfall traps;3;Arachnida;Araneae;Gnaphosidae;Zelotes thorelli;Zelotes thorelli Simon, 1914;S;1;;;
2205;Pitfall traps;2;Arachnida;Araneae;Gnaphosidae;Zelotes thorelli;Zelotes thorelli Simon, 1914;S;1;;;
2205;Pitfall traps;3;Arachnida;Araneae;Gnaphosidae;Gnaphosidae;Gnaphosidae Pocock, 1898;F;1;;;
2205;Pitfall traps;4;Arachnida;Araneae;Gnaphosidae;Gnaphosidae;Gnaphosidae Pocock, 1898;F;1;;;
2205;Pitfall traps;4;Arachnida;Araneae;Gnaphosidae;Zelotes thorelli;Zelotes thorelli Simon, 1914;S;1;;;
2257;Pitfall traps;1;Arachnida;Araneae;Gnaphosidae;Drassyllus villicus;Drassyllus villicus (Thorell, 1875);S;1;;;
2257;Pitfall traps;2;Arachnida;Araneae;Gnaphosidae;Drassyllus villicus;Drassyllus villicus (Thorell, 1875);S;1;;;
2257;Pitfall traps;3;Arachnida;Araneae;Gnaphosidae;Trachyzelotes pedestris;Trachyzelotes pedestris (C.L. Koch, 1837);S;2;;;
2021;Pitfall traps;1;Arachnida;Araneae;Hahniidae;Hahnia nava;Hahnia nava (Blackwall, 1841);S;1;;;
2021;Pitfall traps;5;Arachnida;Araneae;Hahniidae;Hahnia nava;Hahnia nava (Blackwall, 1841);S;3;;;
2021;Pitfall traps;6;Arachnida;Araneae;Hahniidae;Hahnia nava;Hahnia nava (Blackwall, 1841);S;3;;;
1477;Pitfall traps;3;Arachnida;Araneae;Linyphiidae;Glyphesis servulus;Glyphesis servulus (Simon, 1881);S;1;;;
2034;Pitfall traps;1;Arachnida;Araneae;Linyphiidae;Parapelecopsis;Parapelecopsis Wunderlich, 1992;G;3;;;
2205;Pitfall traps;3;Arachnida;Araneae;Linyphiidae;Tenuiphantes herbicola;Tenuiphantes herbicola (Simon, 1884);S;2;;;
2205;Pitfall traps;6;Arachnida;Araneae;Linyphiidae;Linyphiidae;Linyphiidae Blackwall, 1859;F;2;;;
2257;Pitfall traps;2;Arachnida;Araneae;Linyphiidae;Trichoncus;Trichoncus Simon, 1884;G;1;;;
2257;Pitfall traps;3;Arachnida;Araneae;Linyphiidae;Trichoncus;Trichoncus Simon, 1884;G;1;;;
2257;Pitfall traps;3;Arachnida;Araneae;Linyphiidae;Walckenaeria acuminata;Walckenaeria acuminata Blackwall, 1833;S;2;;;
2257;Pitfall traps;4;Arachnida;Araneae;Linyphiidae;Trichoncus;Trichoncus Simon, 1884;G;1;;;
1477;Pitfall traps;1;Arachnida;Araneae;Liocranidae;Liocranoeca striata;Liocranoeca striata (Kulczy?ski, 1882);S;1;;;
1477;Pitfall traps;3;Arachnida;Araneae;Liocranidae;Liocranoeca striata;Liocranoeca striata (Kulczy?ski, 1882);S;1;;;
1477;Pitfall traps;4;Arachnida;Araneae;Liocranidae;Liocranoeca striata;Liocranoeca striata (Kulczy?ski, 1882);S;1;;;
1477;Pitfall traps;5;Arachnida;Araneae;Liocranidae;Liocranoeca striata;Liocranoeca striata (Kulczy?ski, 1882);S;1;;;
2257;Pitfall traps;3;Arachnida;Araneae;Liocranidae;Agroeca inopina;Agroeca inopina O. Pickard-Cambridge, 1886;S;1;;;
1477;Pitfall traps;1;Arachnida;Araneae;Lycosidae;Pardosa hortensis;Pardosa hortensis (Thorell, 1872);S;2;;;
1477;Pitfall traps;1;Arachnida;Araneae;Lycosidae;Pardosa saltans;Pardosa saltans Töpfer-Hofmann, 2000;S;2;;;
1477;Pitfall traps;2;Arachnida;Araneae;Lycosidae;Pardosa lugubris;Pardosa lugubris (Walckenaer, 1802);S;1;;;
1477;Pitfall traps;3;Arachnida;Araneae;Lycosidae;Lycosidae;Lycosidae Sundevall, 1833;F;3;;;
1477;Pitfall traps;3;Arachnida;Araneae;Lycosidae;Pardosa amentata;Pardosa amentata (Clerck, 1758);S;1;;;
1477;Pitfall traps;3;Arachnida;Araneae;Lycosidae;Pardosa hortensis;Pardosa hortensis (Thorell, 1872);S;7;;;
1477;Pitfall traps;3;Arachnida;Araneae;Lycosidae;Pardosa lugubris;Pardosa lugubris (Walckenaer, 1802);S;3;;;
1477;Pitfall traps;3;Arachnida;Araneae;Lycosidae;Pardosa prativaga;Pardosa prativaga (L. Koch, 1870);S;6;;;
1477;Pitfall traps;3;Arachnida;Araneae;Lycosidae;Pardosa saltans;Pardosa saltans Töpfer-Hofmann, 2000;S;0;;;
1477;Pitfall traps;3;Arachnida;Araneae;Lycosidae;Pardosa tenuipes;Pardosa tenuipes L. Koch, 1882;S;1;;;
1477;Pitfall traps;3;Arachnida;Araneae;Lycosidae;Piratula hygrophila;Piratula hygrophila (Thorell, 1872);S;4;;;
1477;Pitfall traps;3;Arachnida;Araneae;Lycosidae;Trochosa;Trochosa C.L. Koch, 1847;G;1;;;
1477;Pitfall traps;3;Arachnida;Araneae;Lycosidae;Trochosa ruricola;Trochosa ruricola (De Geer, 1778);S;1;;;
1477;Pitfall traps;4;Arachnida;Araneae;Lycosidae;Pardosa hortensis;Pardosa hortensis (Thorell, 1872);S;7;;;
1477;Pitfall traps;4;Arachnida;Araneae;Lycosidae;Pardosa lugubris;Pardosa lugubris (Walckenaer, 1802);S;1;;;
1477;Pitfall traps;4;Arachnida;Araneae;Lycosidae;Pardosa saltans;Pardosa saltans Töpfer-Hofmann, 2000;S;1;;;
1477;Pitfall traps;4;Arachnida;Araneae;Lycosidae;Trochosa;Trochosa C.L. Koch, 1847;G;1;;;
1477;Pitfall traps;5;Arachnida;Araneae;Lycosidae;Pardosa hortensis;Pardosa hortensis (Thorell, 1872);S;6;;;
1477;Pitfall traps;5;Arachnida;Araneae;Lycosidae;Pardosa prativaga;Pardosa prativaga (L. Koch, 1870);S;1;;;
1477;Pitfall traps;5;Arachnida;Araneae;Lycosidae;Pardosa saltans;Pardosa saltans Töpfer-Hofmann, 2000;S;3;;;
1477;Pitfall traps;5;Arachnida;Araneae;Lycosidae;Trochosa;Trochosa C.L. Koch, 1847;G;1;;;
2021;Pitfall traps;1;Arachnida;Araneae;Lycosidae;Pardosa hortensis;Pardosa hortensis (Thorell, 1872);S;1;;;
2021;Pitfall traps;1;Arachnida;Araneae;Lycosidae;Pardosa saltans;Pardosa saltans Töpfer-Hofmann, 2000;S;6;;;
2021;Pitfall traps;1;Arachnida;Araneae;Lycosidae;Pardosa tenuipes;Pardosa tenuipes L. Koch, 1882;S;12;;;
2021;Pitfall traps;2;Arachnida;Araneae;Lycosidae;Pardosa;Pardosa Koch, 1847;G;1;;;
2021;Pitfall traps;2;Arachnida;Araneae;Lycosidae;Pardosa saltans;Pardosa saltans Töpfer-Hofmann, 2000;S;1;;;
2021;Pitfall traps;2;Arachnida;Araneae;Lycosidae;Trochosa terricola;Trochosa terricola Thorell, 1856;S;1;;;
2021;Pitfall traps;3;Arachnida;Araneae;Lycosidae;Alopecosa albofasciata;Alopecosa albofasciata (Brullé, 1832);S;1;;;
2021;Pitfall traps;3;Arachnida;Araneae;Lycosidae;Pardosa hortensis;Pardosa hortensis (Thorell, 1872);S;1;;;
2021;Pitfall traps;3;Arachnida;Araneae;Lycosidae;Trochosa;Trochosa C.L. Koch, 1847;G;1;;;
2021;Pitfall traps;4;Arachnida;Araneae;Lycosidae;Alopecosa pulverulenta;Alopecosa pulverulenta (Clerck, 1758);S;1;;;
2021;Pitfall traps;4;Arachnida;Araneae;Lycosidae;Pardosa hortensis;Pardosa hortensis (Thorell, 1872);S;1;;;
2021;Pitfall traps;5;Arachnida;Araneae;Lycosidae;Alopecosa pulverulenta;Alopecosa pulverulenta (Clerck, 1758);S;6;;;
2021;Pitfall traps;5;Arachnida;Araneae;Lycosidae;Pardosa hortensis;Pardosa hortensis (Thorell, 1872);S;1;;;
2021;Pitfall traps;5;Arachnida;Araneae;Lycosidae;Pardosa;Pardosa Koch, 1847;G;1;;;
2021;Pitfall traps;5;Arachnida;Araneae;Lycosidae;Pardosa saltans;Pardosa saltans Töpfer-Hofmann, 2000;S;2;;;
2021;Pitfall traps;6;Arachnida;Araneae;Lycosidae;Alopecosa pulverulenta;Alopecosa pulverulenta (Clerck, 1758);S;6;;;
2021;Pitfall traps;6;Arachnida;Araneae;Lycosidae;Lycosidae;Lycosidae Sundevall, 1833;F;2;;;
2021;Pitfall traps;6;Arachnida;Araneae;Lycosidae;Pardosa hortensis;Pardosa hortensis (Thorell, 1872);S;1;;;
2021;Pitfall traps;6;Arachnida;Araneae;Lycosidae;Pardosa saltans;Pardosa saltans Töpfer-Hofmann, 2000;S;2;;;
2021;Pitfall traps;6;Arachnida;Araneae;Lycosidae;Pardosa tenuipes;Pardosa tenuipes L. Koch, 1882;S;1;;;
2034;Pitfall traps;1;Arachnida;Araneae;Lycosidae;Alopecosa albofasciata;Alopecosa albofasciata (Brullé, 1832);S;2;;;
2034;Pitfall traps;3;Arachnida;Araneae;Lycosidae;Alopecosa;Alopecosa Simon, 1885;G;1;;;
2257;Pitfall traps;2;Arachnida;Araneae;Lycosidae;Pardosa saltans;Pardosa saltans Töpfer-Hofmann, 2000;S;1;;;
2257;Pitfall traps;3;Arachnida;Araneae;Lycosidae;Pardosa;Pardosa Koch, 1847;G;1;;;
2257;Pitfall traps;3;Arachnida;Araneae;Lycosidae;Pardosa saltans;Pardosa saltans Töpfer-Hofmann, 2000;S;5;;;
2257;Pitfall traps;4;Arachnida;Araneae;Lycosidae;Pardosa saltans;Pardosa saltans Töpfer-Hofmann, 2000;S;1;;;
2257;Pitfall traps;6;Arachnida;Araneae;Lycosidae;Pardosa saltans;Pardosa saltans Töpfer-Hofmann, 2000;S;1;;;
2205;Pitfall traps;2;Arachnida;Araneae;Phrurolithidae;Liophrurillus flavitarsis;Liophrurillus flavitarsis (Lucas, 1846);S;1;;;
2205;Pitfall traps;6;Arachnida;Araneae;Phrurolithidae;Liophrurillus flavitarsis;Liophrurillus flavitarsis (Lucas, 1846);S;2;;;
2257;Pitfall traps;3;Arachnida;Araneae;Phrurolithidae;Liophrurillus flavitarsis;Liophrurillus flavitarsis (Lucas, 1846);S;1;;;
2021;Pitfall traps;6;Arachnida;Araneae;Pisauridae;Pisaura;Pisaura Simon, 1885;G;1;;;
2021;Pitfall traps;3;Arachnida;Araneae;Theridiidae;Episinus;Episinus Latreille, 1809;G;1;;;
2021;Pitfall traps;6;Arachnida;Araneae;Theridiidae;Episinus;Episinus Latreille, 1809;G;1;;;
2034;Pitfall traps;5;Arachnida;Araneae;Theridiidae;Euryopis dentigera;Euryopis dentigera Simon, 1880;S;1;;;
2257;Pitfall traps;2;Arachnida;Araneae;Theridiidae;Episinus;Episinus Latreille, 1809;G;1;;;
2257;Pitfall traps;3;Arachnida;Araneae;Theridiidae;Episinus;Episinus Latreille, 1809;G;5;;;
2021;Pitfall traps;3;Arachnida;Araneae;Thomisidae;Xysticus cristatus;Xysticus cristatus (Clerck, 1758);S;1;;;
2021;Pitfall traps;3;Arachnida;Araneae;Thomisidae;Xysticus kempeleni;Xysticus kempeleni Thorell, 1872;S;3;;;
2021;Pitfall traps;6;Arachnida;Araneae;Thomisidae;Xysticus kochi;Xysticus kochi Thorell, 1872;S;1;;;
2257;Pitfall traps;3;Arachnida;Araneae;Thomisidae;Ozyptila;Ozyptila Simon, 1864;G;1;;;
2034;Pitfall traps;1;Arachnida;Opiliones;NA;Opiliones;Opiliones Sundevall, 1833;O;1;;;
2034;Pitfall traps;1;Arachnida;Opiliones;NA;Opiliones;Opiliones Sundevall, 1833;O;1;;;
2034;Pitfall traps;2;Arachnida;Opiliones;NA;Opiliones;Opiliones Sundevall, 1833;O;2;;;
2034;Pitfall traps;2;Arachnida;Opiliones;NA;Opiliones;Opiliones Sundevall, 1833;O;2;;;
2034;Pitfall traps;5;Arachnida;Opiliones;NA;Opiliones;Opiliones Sundevall, 1833;O;1;;;
2034;Pitfall traps;5;Arachnida;Opiliones;NA;Opiliones;Opiliones Sundevall, 1833;O;1;;;
2034;Pitfall traps;2;Arachnida;Pseudoscorpiones;NA;Pseudoscorpiones;Pseudoscorpiones De Geer, 1778;O;1;;;
2205;Pitfall traps;6;Arachnida;Pseudoscorpiones;NA;Pseudoscorpiones;Pseudoscorpiones De Geer, 1778;O;1;;;
2021;Hand sorting;1;Chilopoda;NA;NA;Chilopoda;Chilopoda Latreille, 1817;O;1;;;
2021;Hand sorting;2;Chilopoda;NA;NA;Chilopoda;Chilopoda Latreille, 1817;O;3;;;
2021;Hand sorting;3;Chilopoda;NA;NA;Chilopoda;Chilopoda Latreille, 1817;O;1;;;
2257;Hand sorting;1;Chilopoda;NA;NA;Chilopoda;Chilopoda Latreille, 1817;O;1;;;
2257;Hand sorting;2;Chilopoda;NA;NA;Chilopoda;Chilopoda Latreille, 1817;O;1;;;
2257;Hand sorting;3;Chilopoda;NA;NA;Chilopoda;Chilopoda Latreille, 1817;O;1;;;
2257;Hand sorting;4;Chilopoda;NA;NA;Chilopoda;Chilopoda Latreille, 1817;O;2;;;
2021;Hand sorting;5;Chilopoda;Geophilomorpha;Geophilidae;Geophilomorpha;Geophilomorpha Pocock, 1895;O;1;;;
1477;Hand sorting;1;Chilopoda;Geophilomorpha;NA;Geophilomorpha;Geophilomorpha Pocock, 1895;O;2;;;
1477;Hand sorting;2;Chilopoda;Geophilomorpha;NA;Geophilomorpha;Geophilomorpha Pocock, 1895;O;1;;;
2205;Hand sorting;4;Chilopoda;Geophilomorpha;NA;Geophilomorpha;Geophilomorpha Pocock, 1895;O;1;;;
2257;Hand sorting;1;Chilopoda;Geophilomorpha;NA;Geophilomorpha;Geophilomorpha Pocock, 1895;O;2;;;
2257;Hand sorting;4;Chilopoda;Geophilomorpha;NA;Geophilomorpha;Geophilomorpha Pocock, 1895;O;1;;;
2257;Hand sorting;6;Chilopoda;Geophilomorpha;NA;Geophilomorpha;Geophilomorpha Pocock, 1895;O;1;;;
2257;Pitfall traps;5;Chilopoda;Geophilomorpha;NA;Geophilomorpha;Geophilomorpha Pocock, 1895;O;1;;;
2021;Pitfall traps;5;Chilopoda;Lithobiomorpha;NA;Lithobiomorpha;Lithobiomorpha Pocock, 1895;O;1;;;
2021;Pitfall traps;6;Chilopoda;Lithobiomorpha;NA;Lithobiomorpha;Lithobiomorpha Pocock, 1895;O;1;;;
2034;Hand sorting;2;Chilopoda;Lithobiomorpha;NA;Lithobiomorpha;Lithobiomorpha Pocock, 1895;O;1;;;
2205;Hand sorting;4;Chilopoda;Scolopendromorpha;NA;Scolopendromorpha;Scolopendromorpha Pocock, 1895;O;2;;;
2021;Hand sorting;5;Chilopoda;Scolopendromorpha;NA;Scolopendromorpha;Scolopendromorpha Pocock, 1895;O;2;;;
2034;Hand sorting;1;Gastropoda;NA;NA;Gastropoda;Gastropoda Cuvier, 1795;C;3;;;
2034;Hand sorting;2;Gastropoda;NA;NA;Gastropoda;Gastropoda Cuvier, 1795;C;1;;;
2034;Hand sorting;3;Gastropoda;NA;NA;Gastropoda;Gastropoda Cuvier, 1795;C;4;;;
2034;Hand sorting;4;Gastropoda;NA;NA;Gastropoda;Gastropoda Cuvier, 1795;C;5;;;
2034;Hand sorting;5;Gastropoda;NA;NA;Gastropoda;Gastropoda Cuvier, 1795;C;8;;;
2034;Hand sorting;6;Gastropoda;NA;NA;Gastropoda;Gastropoda Cuvier, 1795;C;2;;;
2034;Pitfall traps;2;Gastropoda;NA;NA;Gastropoda;Gastropoda Cuvier, 1795;C;1;;;
2034;Pitfall traps;4;Gastropoda;NA;NA;Gastropoda;Gastropoda Cuvier, 1795;C;2;;;
2205;Hand sorting;3;Gastropoda;NA;NA;Gastropoda;Gastropoda Cuvier, 1795;C;3;;;
2205;Hand sorting;4;Gastropoda;NA;NA;Gastropoda;Gastropoda Cuvier, 1795;C;6;;;
2205;Hand sorting;5;Gastropoda;NA;NA;Gastropoda;Gastropoda Cuvier, 1795;C;2;;;
2021;Hand sorting;4;Gastropoda;NA;NA;Gastropoda;Gastropoda Cuvier, 1795;C;1;;;
2257;Hand sorting;1;Gastropoda;NA;NA;Gastropoda;Gastropoda Cuvier, 1795;C;2;;;
2021;Hand sorting;3;Gastropoda;NA;NA;Gastropoda;Gastropoda Cuvier, 1795;C;1;;;
2021;Hand sorting;4;Gastropoda;NA;NA;Gastropoda;Gastropoda Cuvier, 1795;C;3;;;
2021;Hand sorting;5;Gastropoda;NA;NA;Gastropoda;Gastropoda Cuvier, 1795;C;2;;;
2021;Hand sorting;6;Gastropoda;NA;NA;Gastropoda;Gastropoda Cuvier, 1795;C;1;;;
2021;Pitfall traps;2;Gastropoda;NA;NA;Gastropoda;Gastropoda Cuvier, 1795;C;1;;;
2021;Pitfall traps;3;Gastropoda;NA;NA;Gastropoda;Gastropoda Cuvier, 1795;C;2;;;
2021;Pitfall traps;4;Gastropoda;NA;NA;Gastropoda;Gastropoda Cuvier, 1795;C;1;;;
2021;Pitfall traps;5;Gastropoda;NA;NA;Gastropoda;Gastropoda Cuvier, 1795;C;1;;;
2205;Pitfall traps;2;Gastropoda;NA;NA;Gastropoda;Gastropoda Cuvier, 1795;C;1;;;
2205;Pitfall traps;3;Gastropoda;NA;NA;Gastropoda;Gastropoda Cuvier, 1795;C;3;;;
2205;Pitfall traps;5;Gastropoda;NA;NA;Gastropoda;Gastropoda Cuvier, 1795;C;1;;;
2205;Pitfall traps;6;Gastropoda;NA;NA;Gastropoda;Gastropoda Cuvier, 1795;C;1;;;
2257;Hand sorting;2;Gastropoda;NA;NA;Gastropoda;Gastropoda Cuvier, 1795;C;1;;;
2257;Pitfall traps;4;Gastropoda;NA;NA;Gastropoda;Gastropoda Cuvier, 1795;C;1;;;
2257;Pitfall traps;6;Gastropoda;NA;NA;Gastropoda;Gastropoda Cuvier, 1795;C;1;;;
1477;Hand sorting;1;Gastropoda;NA;NA;Gastropoda;Gastropoda Cuvier, 1795;C;3;;;
1477;Hand sorting;2;Gastropoda;NA;NA;Gastropoda;Gastropoda Cuvier, 1795;C;5;;;
1477;Hand sorting;3;Gastropoda;NA;NA;Gastropoda;Gastropoda Cuvier, 1795;C;3;;;
1477;Hand sorting;4;Gastropoda;NA;NA;Gastropoda;Gastropoda Cuvier, 1795;C;3;;;
1477;Hand sorting;5;Gastropoda;NA;NA;Gastropoda;Gastropoda Cuvier, 1795;C;1;;;
1477;Hand sorting;6;Gastropoda;NA;NA;Gastropoda;Gastropoda Cuvier, 1795;C;1;;;
1477;Pitfall traps;1;Gastropoda;NA;NA;Gastropoda;Gastropoda Cuvier, 1795;C;1;;;
1477;Pitfall traps;2;Gastropoda;NA;NA;Gastropoda;Gastropoda Cuvier, 1795;C;2;;;
1477;Pitfall traps;2;Gastropoda;NA;NA;Gastropoda;Gastropoda Cuvier, 1795;C;5;;;
1477;Pitfall traps;4;Gastropoda;NA;NA;Gastropoda;Gastropoda Cuvier, 1795;C;1;;;
1477;Pitfall traps;5;Gastropoda;NA;NA;Gastropoda;Gastropoda Cuvier, 1795;C;7;;;
2021;Hand sorting;2;Gastropoda;NA;NA;Gastropoda;Gastropoda Cuvier, 1795;C;1;;;
2257;Pitfall traps;3;Insecta;Archaeognatha;NA;Archaeognatha;Archaeognatha Börner, 1904;O;4;;;
2257;Pitfall traps;4;Insecta;Archaeognatha;NA;Archaeognatha;Archaeognatha Börner, 1904;O;2;;;
2257;Pitfall traps;6;Insecta;Archaeognatha;NA;Archaeognatha;Archaeognatha Börner, 1904;O;1;;;
2034;Pitfall traps;2;Insecta;Blattodea;Blattidae;Blattidae;Blattidae Latreille, 1810;F;3;;;
2034;Pitfall traps;3;Insecta;Blattodea;Blattidae;Blattidae;Blattidae Latreille, 1810;F;1;;;
2034;Pitfall traps;5;Insecta;Blattodea;Blattidae;Blattidae;Blattidae Latreille, 1810;F;2;;;
1477;Pitfall traps;1;Insecta;Coleoptera;Carabidae;Bembidion properans;Bembidion properans (Stephens, 1828);S;1;;;
1477;Pitfall traps;1;Insecta;Coleoptera;Carabidae;Bembidion lampros;Bembidion lampros (Herbst, 1784);S;1;;;
1477;Pitfall traps;1;Insecta;Coleoptera;Carabidae;Bembidion lampros;Bembidion lampros (Herbst, 1784);S;1;;;
1477;Pitfall traps;1;Insecta;Coleoptera;Carabidae;Bembidion properans;Bembidion properans (Stephens, 1828);S;1;;;
1477;Pitfall traps;1;Insecta;Coleoptera;Carabidae;Anchomenus dorsalis;Anchomenus dorsalis (Pontoppidan, 1763);S;1;;;
1477;Pitfall traps;1;Insecta;Coleoptera;Carabidae;Brachinus elegans;Brachinus elegans Chaudoir, 1842;S;1;;;
1477;Pitfall traps;2;Insecta;Coleoptera;Carabidae;Bembidion properans;Bembidion properans (Stephens, 1828);S;1;;;
1477;Pitfall traps;2;Insecta;Coleoptera;Carabidae;Asaphidion curtum;Asaphidion curtum (Heyden, 1870);S;1;;;
1477;Pitfall traps;2;Insecta;Coleoptera;Carabidae;Anchomenus dorsalis;Anchomenus dorsalis (Pontoppidan, 1763);S;1;;;
1477;Pitfall traps;2;Insecta;Coleoptera;Carabidae;Anchomenus dorsalis;Anchomenus dorsalis (Pontoppidan, 1763);S;1;;;
1477;Pitfall traps;2;Insecta;Coleoptera;Carabidae;Platynus assimilis;Platynus assimilis (Paykull, 1790);S;1;;;
1477;Pitfall traps;3;Insecta;Coleoptera;Carabidae;Bembidion lampros;Bembidion lampros (Herbst, 1784);S;1;;;
1477;Pitfall traps;3;Insecta;Coleoptera;Carabidae;Bembidion properans;Bembidion properans (Stephens, 1828);S;1;;;
1477;Pitfall traps;3;Insecta;Coleoptera;Carabidae;Bembidion properans;Bembidion properans (Stephens, 1828);S;1;;;
1477;Pitfall traps;3;Insecta;Coleoptera;Carabidae;Bembidion properans;Bembidion properans (Stephens, 1828);S;1;;;
1477;Pitfall traps;3;Insecta;Coleoptera;Carabidae;Pterostichus ovoideus;Pterostichus ovoideus (Sturm, 1824);S;1;;;
1477;Pitfall traps;3;Insecta;Coleoptera;Carabidae;Pterostichus ovoideus;Pterostichus ovoideus (Sturm, 1824);S;1;;;
1477;Pitfall traps;4;Insecta;Coleoptera;Carabidae;Tachyura parvula;Tachyura parvula (Dejean, 1831);S;1;;;
1477;Pitfall traps;4;Insecta;Coleoptera;Carabidae;Asaphidion;Asaphidion Gozis, 1886;S;1;;;
1477;Pitfall traps;4;Insecta;Coleoptera;Carabidae;Asaphidion curtum;Asaphidion curtum (Heyden, 1870);S;1;;;
1477;Pitfall traps;4;Insecta;Coleoptera;Carabidae;Asaphidion;Asaphidion Gozis, 1886;S;1;;;
1477;Pitfall traps;4;Insecta;Coleoptera;Carabidae;Anchomenus dorsalis;Anchomenus dorsalis (Pontoppidan, 1763);S;1;;;
1477;Pitfall traps;4;Insecta;Coleoptera;Carabidae;Nebria brevicollis;Nebria brevicollis (Fabricius, 1792);S;1;;;
1477;Pitfall traps;4;Insecta;Coleoptera;Carabidae;Nebria brevicollis;Nebria brevicollis (Fabricius, 1792);S;1;;;
1477;Pitfall traps;4;Insecta;Coleoptera;Carabidae;Chlaenius tibialis;Chlaenius tibialis Dejean, 1826;S;1;;;
1477;Pitfall traps;4;Insecta;Coleoptera;Carabidae;Chlaenius vestitus;Chlaenius vestitus (Paykull, 1790);S;1;;;
1477;Pitfall traps;4;Insecta;Coleoptera;Carabidae;Poecilus cupreus;Poecilus cupreus (Linnaeus, 1758);S;1;;;
1477;Pitfall traps;5;Insecta;Coleoptera;Carabidae;Bembidion properans;Bembidion properans (Stephens, 1828);S;1;;;
1477;Pitfall traps;5;Insecta;Coleoptera;Carabidae;Bembidion properans;Bembidion properans (Stephens, 1828);S;1;;;
1477;Pitfall traps;5;Insecta;Coleoptera;Carabidae;Asaphidion curtum;Asaphidion curtum (Heyden, 1870);S;1;;;
1477;Pitfall traps;5;Insecta;Coleoptera;Carabidae;Asaphidion curtum;Asaphidion curtum (Heyden, 1870);S;1;;;
1477;Pitfall traps;5;Insecta;Coleoptera;Carabidae;Asaphidion curtum;Asaphidion curtum (Heyden, 1870);S;1;;;
1477;Pitfall traps;5;Insecta;Coleoptera;Carabidae;Asaphidion;Asaphidion Gozis, 1886;S;1;;;
1477;Pitfall traps;5;Insecta;Coleoptera;Carabidae;Brachinus explodens;Brachinus explodens Duftschmid, 1812;S;1;;;
1477;Pitfall traps;5;Insecta;Coleoptera;Carabidae;Brachinus explodens;Brachinus explodens Duftschmid, 1812;S;1;;;
1477;Pitfall traps;5;Insecta;Coleoptera;Carabidae;Nebria brevicollis;Nebria brevicollis (Fabricius, 1792);S;1;;;
2021;Pitfall traps;1;Insecta;Coleoptera;Carabidae;Bembidion callosum;Bembidion callosum Küster, 1847;S;1;;;
2021;Pitfall traps;1;Insecta;Coleoptera;Carabidae;Carabus auratus;Carabus auratus Linnaeus, 1761;S;1;;;
2021;Pitfall traps;1;Insecta;Coleoptera;Carabidae;Carabus auratus;Carabus auratus Linnaeus, 1761;S;1;;;
2021;Pitfall traps;1;Insecta;Coleoptera;Carabidae;Carabus auratus;Carabus auratus Linnaeus, 1761;S;1;;;
2021;Pitfall traps;1;Insecta;Coleoptera;Carabidae;Carabus auratus;Carabus auratus Linnaeus, 1761;S;1;;;
2021;Pitfall traps;1;Insecta;Coleoptera;Carabidae;Carabus auratus;Carabus auratus Linnaeus, 1761;S;1;;;
2021;Pitfall traps;1;Insecta;Coleoptera;Carabidae;Carabus auratus;Carabus auratus Linnaeus, 1761;S;1;;;
2021;Pitfall traps;1;Insecta;Coleoptera;Carabidae;Carabus auratus;Carabus auratus Linnaeus, 1761;S;1;;;
2021;Pitfall traps;1;Insecta;Coleoptera;Carabidae;Carabus auratus;Carabus auratus Linnaeus, 1761;S;1;;;
2021;Pitfall traps;1;Insecta;Coleoptera;Carabidae;Carabus auratus;Carabus auratus Linnaeus, 1761;S;1;;;
2021;Pitfall traps;1;Insecta;Coleoptera;Carabidae;Carabus auratus;Carabus auratus Linnaeus, 1761;S;1;;;
2021;Pitfall traps;1;Insecta;Coleoptera;Carabidae;Carabus auratus;Carabus auratus Linnaeus, 1761;S;1;;;
2021;Pitfall traps;1;Insecta;Coleoptera;Carabidae;Carabus auratus;Carabus auratus Linnaeus, 1761;S;1;;;
2021;Pitfall traps;1;Insecta;Coleoptera;Carabidae;Carabus auratus;Carabus auratus Linnaeus, 1761;S;1;;;
2021;Pitfall traps;1;Insecta;Coleoptera;Carabidae;Carabus nemoralis;Carabus nemoralis O.F. Müller, 1764;S;1;;;
2021;Pitfall traps;1;Insecta;Coleoptera;Carabidae;Carabus auratus;Carabus auratus Linnaeus, 1761;S;1;;;
2021;Pitfall traps;1;Insecta;Coleoptera;Carabidae;Carabus auratus;Carabus auratus Linnaeus, 1761;S;1;;;
2021;Pitfall traps;1;Insecta;Coleoptera;Carabidae;Carabus auratus;Carabus auratus Linnaeus, 1761;S;1;;;
2021;Pitfall traps;1;Insecta;Coleoptera;Carabidae;Carabus auratus;Carabus auratus Linnaeus, 1761;S;1;;;
2021;Pitfall traps;1;Insecta;Coleoptera;Carabidae;Carabus auratus;Carabus auratus Linnaeus, 1761;S;1;;;
2021;Pitfall traps;1;Insecta;Coleoptera;Carabidae;Carabus auratus;Carabus auratus Linnaeus, 1761;S;1;;;
2021;Pitfall traps;1;Insecta;Coleoptera;Carabidae;Carabus auratus;Carabus auratus Linnaeus, 1761;S;1;;;
2021;Pitfall traps;1;Insecta;Coleoptera;Carabidae;Carabus auratus;Carabus auratus Linnaeus, 1761;S;1;;;
2021;Pitfall traps;1;Insecta;Coleoptera;Carabidae;Nebria brevicollis;Nebria brevicollis (Fabricius, 1792);S;1;;;
2021;Pitfall traps;2;Insecta;Coleoptera;Carabidae;Harpalus dimidiatus;Harpalus dimidiatus (Rossi, 1790);S;1;;;
2021;Pitfall traps;2;Insecta;Coleoptera;Carabidae;Carabus auratus;Carabus auratus Linnaeus, 1761;S;1;;;
2021;Pitfall traps;2;Insecta;Coleoptera;Carabidae;Carabus auratus;Carabus auratus Linnaeus, 1761;S;1;;;
2021;Pitfall traps;2;Insecta;Coleoptera;Carabidae;Carabus auratus;Carabus auratus Linnaeus, 1761;S;1;;;
2021;Pitfall traps;2;Insecta;Coleoptera;Carabidae;Carabus auratus;Carabus auratus Linnaeus, 1761;S;1;;;
2021;Pitfall traps;2;Insecta;Coleoptera;Carabidae;Trechus quadristriatus;Trechus quadristriatus (Schrank, 1781);S;1;;;
2021;Pitfall traps;3;Insecta;Coleoptera;Carabidae;Carabus auratus;Carabus auratus Linnaeus, 1761;S;1;;;
2021;Pitfall traps;3;Insecta;Coleoptera;Carabidae;Carabus auratus;Carabus auratus Linnaeus, 1761;S;1;;;
2021;Pitfall traps;3;Insecta;Coleoptera;Carabidae;Carabus auratus;Carabus auratus Linnaeus, 1761;S;1;;;
2021;Pitfall traps;3;Insecta;Coleoptera;Carabidae;Carabus auratus;Carabus auratus Linnaeus, 1761;S;1;;;
2021;Pitfall traps;3;Insecta;Coleoptera;Carabidae;Carabus auratus;Carabus auratus Linnaeus, 1761;S;1;;;
2021;Pitfall traps;3;Insecta;Coleoptera;Carabidae;Carabus auratus;Carabus auratus Linnaeus, 1761;S;1;;;
2021;Pitfall traps;3;Insecta;Coleoptera;Carabidae;Carabus auratus;Carabus auratus Linnaeus, 1761;S;1;;;
2021;Pitfall traps;3;Insecta;Coleoptera;Carabidae;Carabus auratus;Carabus auratus Linnaeus, 1761;S;1;;;
2021;Pitfall traps;3;Insecta;Coleoptera;Carabidae;Carabus auratus;Carabus auratus Linnaeus, 1761;S;1;;;
2021;Pitfall traps;3;Insecta;Coleoptera;Carabidae;Carabus auratus;Carabus auratus Linnaeus, 1761;S;1;;;
2021;Pitfall traps;3;Insecta;Coleoptera;Carabidae;Carabus auratus;Carabus auratus Linnaeus, 1761;S;1;;;
2021;Pitfall traps;3;Insecta;Coleoptera;Carabidae;Carabus auratus;Carabus auratus Linnaeus, 1761;S;1;;;
2021;Pitfall traps;3;Insecta;Coleoptera;Carabidae;Carabus auratus;Carabus auratus Linnaeus, 1761;S;1;;;
2021;Pitfall traps;3;Insecta;Coleoptera;Carabidae;Carabus auratus;Carabus auratus Linnaeus, 1761;S;1;;;
2021;Pitfall traps;4;Insecta;Coleoptera;Carabidae;Carabus auratus;Carabus auratus Linnaeus, 1761;S;1;;;
2021;Pitfall traps;4;Insecta;Coleoptera;Carabidae;Carabus auratus;Carabus auratus Linnaeus, 1761;S;1;;;
2021;Pitfall traps;4;Insecta;Coleoptera;Carabidae;Carabus auratus;Carabus auratus Linnaeus, 1761;S;1;;;
2021;Pitfall traps;4;Insecta;Coleoptera;Carabidae;Carabus auratus;Carabus auratus Linnaeus, 1761;S;1;;;
2021;Pitfall traps;4;Insecta;Coleoptera;Carabidae;Carabus auratus;Carabus auratus Linnaeus, 1761;S;1;;;
2021;Pitfall traps;4;Insecta;Coleoptera;Carabidae;Carabus auratus;Carabus auratus Linnaeus, 1761;S;1;;;
2021;Pitfall traps;4;Insecta;Coleoptera;Carabidae;Carabus auratus;Carabus auratus Linnaeus, 1761;S;1;;;
2021;Pitfall traps;4;Insecta;Coleoptera;Carabidae;Carabus auratus;Carabus auratus Linnaeus, 1761;S;1;;;
2021;Pitfall traps;4;Insecta;Coleoptera;Carabidae;Carabus auratus;Carabus auratus Linnaeus, 1761;S;1;;;
2021;Pitfall traps;4;Insecta;Coleoptera;Carabidae;Carabus auratus;Carabus auratus Linnaeus, 1761;S;1;;;
2021;Pitfall traps;4;Insecta;Coleoptera;Carabidae;Carabus auratus;Carabus auratus Linnaeus, 1761;S;1;;;
2021;Pitfall traps;4;Insecta;Coleoptera;Carabidae;Carabus auratus;Carabus auratus Linnaeus, 1761;S;1;;;
2021;Pitfall traps;4;Insecta;Coleoptera;Carabidae;Carabus auratus;Carabus auratus Linnaeus, 1761;S;1;;;
2021;Pitfall traps;4;Insecta;Coleoptera;Carabidae;Carabus auratus;Carabus auratus Linnaeus, 1761;S;1;;;
2021;Pitfall traps;4;Insecta;Coleoptera;Carabidae;Carabus auratus;Carabus auratus Linnaeus, 1761;S;1;;;
2021;Pitfall traps;4;Insecta;Coleoptera;Carabidae;Carabus auratus;Carabus auratus Linnaeus, 1761;S;1;;;
2021;Pitfall traps;4;Insecta;Coleoptera;Carabidae;Carabus auratus;Carabus auratus Linnaeus, 1761;S;1;;;
2021;Pitfall traps;4;Insecta;Coleoptera;Carabidae;Carabus auratus;Carabus auratus Linnaeus, 1761;S;1;;;
2021;Pitfall traps;4;Insecta;Coleoptera;Carabidae;Carabus auratus;Carabus auratus Linnaeus, 1761;S;1;;;
2021;Pitfall traps;4;Insecta;Coleoptera;Carabidae;Carabus auratus;Carabus auratus Linnaeus, 1761;S;1;;;
2021;Pitfall traps;5;Insecta;Coleoptera;Carabidae;Harpalus dimidiatus;Harpalus dimidiatus (Rossi, 1790);S;1;;;
2021;Pitfall traps;5;Insecta;Coleoptera;Carabidae;Harpalus dimidiatus;Harpalus dimidiatus (Rossi, 1790);S;1;;;
2021;Pitfall traps;5;Insecta;Coleoptera;Carabidae;Carabus auratus;Carabus auratus Linnaeus, 1761;S;1;;;
2021;Pitfall traps;5;Insecta;Coleoptera;Carabidae;Carabus auratus;Carabus auratus Linnaeus, 1761;S;1;;;
2021;Pitfall traps;5;Insecta;Coleoptera;Carabidae;Carabus auratus;Carabus auratus Linnaeus, 1761;S;1;;;
2021;Pitfall traps;5;Insecta;Coleoptera;Carabidae;Carabus auratus;Carabus auratus Linnaeus, 1761;S;1;;;
2021;Pitfall traps;5;Insecta;Coleoptera;Carabidae;Carabus auratus;Carabus auratus Linnaeus, 1761;S;1;;;
2021;Pitfall traps;5;Insecta;Coleoptera;Carabidae;Carabus auratus;Carabus auratus Linnaeus, 1761;S;1;;;
2021;Pitfall traps;5;Insecta;Coleoptera;Carabidae;Carabus auratus;Carabus auratus Linnaeus, 1761;S;1;;;
2021;Pitfall traps;5;Insecta;Coleoptera;Carabidae;Carabus auratus;Carabus auratus Linnaeus, 1761;S;1;;;
2021;Pitfall traps;5;Insecta;Coleoptera;Carabidae;Carabus auratus;Carabus auratus Linnaeus, 1761;S;1;;;
2021;Pitfall traps;5;Insecta;Coleoptera;Carabidae;Carabus auratus;Carabus auratus Linnaeus, 1761;S;1;;;
2021;Pitfall traps;5;Insecta;Coleoptera;Carabidae;Carabus auratus;Carabus auratus Linnaeus, 1761;S;1;;;
2021;Pitfall traps;5;Insecta;Coleoptera;Carabidae;Carabus auratus;Carabus auratus Linnaeus, 1761;S;1;;;
2021;Pitfall traps;5;Insecta;Coleoptera;Carabidae;Carabus auratus;Carabus auratus Linnaeus, 1761;S;1;;;
2021;Pitfall traps;5;Insecta;Coleoptera;Carabidae;Carabus auratus;Carabus auratus Linnaeus, 1761;S;1;;;
2021;Pitfall traps;5;Insecta;Coleoptera;Carabidae;Carabus auratus;Carabus auratus Linnaeus, 1761;S;1;;;
2021;Pitfall traps;5;Insecta;Coleoptera;Carabidae;Carabus auratus;Carabus auratus Linnaeus, 1761;S;1;;;
2021;Pitfall traps;5;Insecta;Coleoptera;Carabidae;Carabus auratus;Carabus auratus Linnaeus, 1761;S;1;;;
2021;Pitfall traps;5;Insecta;Coleoptera;Carabidae;Carabus auratus;Carabus auratus Linnaeus, 1761;S;1;;;
2021;Pitfall traps;5;Insecta;Coleoptera;Carabidae;Carabus auratus;Carabus auratus Linnaeus, 1761;S;1;;;
2021;Pitfall traps;5;Insecta;Coleoptera;Carabidae;Carabus auratus;Carabus auratus Linnaeus, 1761;S;1;;;
2021;Pitfall traps;5;Insecta;Coleoptera;Carabidae;Carabus auratus;Carabus auratus Linnaeus, 1761;S;1;;;
2021;Pitfall traps;5;Insecta;Coleoptera;Carabidae;Carabus auratus;Carabus auratus Linnaeus, 1761;S;1;;;
2021;Pitfall traps;5;Insecta;Coleoptera;Carabidae;Carabus auratus;Carabus auratus Linnaeus, 1761;S;1;;;
2021;Pitfall traps;5;Insecta;Coleoptera;Carabidae;Carabus auratus;Carabus auratus Linnaeus, 1761;S;1;;;
2021;Pitfall traps;5;Insecta;Coleoptera;Carabidae;Carabus auratus;Carabus auratus Linnaeus, 1761;S;1;;;
2021;Pitfall traps;5;Insecta;Coleoptera;Carabidae;Carabus auratus;Carabus auratus Linnaeus, 1761;S;1;;;
2021;Pitfall traps;5;Insecta;Coleoptera;Carabidae;Carabus auratus;Carabus auratus Linnaeus, 1761;S;1;;;
2021;Pitfall traps;6;Insecta;Coleoptera;Carabidae;Carabus auratus;Carabus auratus Linnaeus, 1761;S;1;;;
2021;Pitfall traps;6;Insecta;Coleoptera;Carabidae;Carabus auratus;Carabus auratus Linnaeus, 1761;S;1;;;
2021;Pitfall traps;6;Insecta;Coleoptera;Carabidae;Carabus auratus;Carabus auratus Linnaeus, 1761;S;1;;;
2021;Pitfall traps;6;Insecta;Coleoptera;Carabidae;Carabus auratus;Carabus auratus Linnaeus, 1761;S;1;;;
2021;Pitfall traps;6;Insecta;Coleoptera;Carabidae;Carabus auratus;Carabus auratus Linnaeus, 1761;S;1;;;
2021;Pitfall traps;6;Insecta;Coleoptera;Carabidae;Carabus auratus;Carabus auratus Linnaeus, 1761;S;1;;;
2257;Pitfall traps;3;Insecta;Coleoptera;Carabidae;Pterostichus madidus;Pterostichus madidus (Fabricius, 1775);S;1;;;
2257;Pitfall traps;4;Insecta;Coleoptera;Carabidae;Pterostichus madidus;Pterostichus madidus (Fabricius, 1775);S;1;;;
2034;Pitfall traps;1;Insecta;Coleoptera;Chrysomelidae;Chrysomelidae;Chrysomelidae Latreille, 1802;F;1;;;
2021;Pitfall traps;3;Insecta;Coleoptera;Curculionidae;Curculionidae;Curculionidae Latreille, 1802;F;1;;;
1477;Hand sorting;1;Insecta;Coleoptera;Elateridae;Elateridae;Elateridae Leach, 1815;F;2;;;
2021;Hand sorting;1;Insecta;Coleoptera;Elateridae;Elateridae;Elateridae Leach, 1815;F;1;;;
2021;Hand sorting;2;Insecta;Coleoptera;Elateridae;Elateridae;Elateridae Leach, 1815;F;2;;;
2021;Hand sorting;3;Insecta;Coleoptera;Elateridae;Elateridae;Elateridae Leach, 1815;F;1;;;
2034;Hand sorting;5;Insecta;Coleoptera;Elateridae;Elateridae;Elateridae Leach, 1815;F;1;;;
2205;Hand sorting;1;Insecta;Coleoptera;Elateridae;Elateridae;Elateridae Leach, 1815;F;1;;;
2205;Pitfall traps;2;Insecta;Coleoptera;Elateridae;Elateridae;Elateridae Leach, 1815;F;1;;;
1477;Hand sorting;2;Insecta;Coleoptera;Lampyridae;;;F;1;;;
1477;Hand sorting;6;Insecta;Coleoptera;Lampyridae;;;F;1;;;
2257;Pitfall traps;5;Insecta;Coleoptera;Lucanidae;Dorcus;Dorcus MacLeay, 1819;F;1;;;
1477;Hand sorting;4;Insecta;Coleoptera;NA;Coleoptera;Coleoptera Linnaeus, 1758;;1;;;
1477;Hand sorting;5;Insecta;Coleoptera;NA;Coleoptera;Coleoptera Linnaeus, 1758;;1;;;
1477;Pitfall traps;3;Insecta;Coleoptera;NA;Coleoptera;Coleoptera Linnaeus, 1758;;1;;;
1477;Pitfall traps;4;Insecta;Coleoptera;NA;Coleoptera;Coleoptera Linnaeus, 1758;;3;;;
2021;Hand sorting;4;Insecta;Coleoptera;NA;Coleoptera;Coleoptera Linnaeus, 1758;;1;;;
2021;Pitfall traps;3;Insecta;Coleoptera;NA;Coleoptera;Coleoptera Linnaeus, 1758;;1;;;
2034;Pitfall traps;1;Insecta;Coleoptera;NA;Coleoptera;Coleoptera Linnaeus, 1758;;1;;;
2034;Pitfall traps;3;Insecta;Coleoptera;NA;Coleoptera;Coleoptera Linnaeus, 1758;;1;;;
2205;Hand sorting;6;Insecta;Coleoptera;NA;Coleoptera;Coleoptera Linnaeus, 1758;;1;;;
2205;Pitfall traps;4;Insecta;Coleoptera;NA;Coleoptera;Coleoptera Linnaeus, 1758;;3;;;
2257;Hand sorting;6;Insecta;Coleoptera;NA;Coleoptera;Coleoptera Linnaeus, 1758;;1;;;
2257;Pitfall traps;1;Insecta;Coleoptera;NA;Coleoptera;Coleoptera Linnaeus, 1758;;3;;;
2257;Pitfall traps;2;Insecta;Coleoptera;NA;Coleoptera;Coleoptera Linnaeus, 1758;;1;;;
2257;Pitfall traps;3;Insecta;Coleoptera;NA;Coleoptera;Coleoptera Linnaeus, 1758;;1;;;
2257;Pitfall traps;4;Insecta;Coleoptera;NA;Coleoptera;Coleoptera Linnaeus, 1758;;1;;;
2257;Pitfall traps;4;Insecta;Coleoptera;NA;Coleoptera;Coleoptera Linnaeus, 1758;;1;;;
2257;Pitfall traps;5;Insecta;Coleoptera;NA;Coleoptera;Coleoptera Linnaeus, 1758;;1;;;
2257;Pitfall traps;6;Insecta;Coleoptera;NA;Coleoptera;Coleoptera Linnaeus, 1758;;1;;;
1477;Pitfall traps;5;Insecta;Coleoptera;Scarabaeidae;Staphylinidae;Staphylinidae Latreille, 1802;F;1;;;
1477;Hand sorting;1;Insecta;Coleoptera;Staphylinidae;Staphylinidae;Staphylinidae Latreille, 1802;F;1;;;
1477;Pitfall traps;1;Insecta;Coleoptera;Staphylinidae;Staphylinidae;Staphylinidae Latreille, 1802;F;1;;;
1477;Pitfall traps;2;Insecta;Coleoptera;Staphylinidae;Staphylinidae;Staphylinidae Latreille, 1802;F;3;;;
1477;Pitfall traps;3;Insecta;Coleoptera;Staphylinidae;Staphylinidae;Staphylinidae Latreille, 1802;F;3;;;
1477;Pitfall traps;4;Insecta;Coleoptera;Staphylinidae;Staphylinidae;Staphylinidae Latreille, 1802;F;3;;;
1477;Pitfall traps;5;Insecta;Coleoptera;Staphylinidae;Staphylinidae;Staphylinidae Latreille, 1802;F;2;;;
2021;Hand sorting;2;Insecta;Coleoptera;Staphylinidae;Staphylinidae;Staphylinidae Latreille, 1802;F;2;;;
2021;Pitfall traps;1;Insecta;Coleoptera;Staphylinidae;Staphylinidae;Staphylinidae Latreille, 1802;F;1;;;
2021;Pitfall traps;3;Insecta;Coleoptera;Staphylinidae;Staphylinidae;Staphylinidae Latreille, 1802;F;1;;;
2021;Pitfall traps;4;Insecta;Coleoptera;Staphylinidae;Staphylinidae;Staphylinidae Latreille, 1802;F;1;;;
2205;Hand sorting;3;Insecta;Coleoptera;Staphylinidae;Staphylinidae;Staphylinidae Latreille, 1802;F;1;;;
2205;Hand sorting;6;Insecta;Coleoptera;Staphylinidae;Staphylinidae;Staphylinidae Latreille, 1802;F;2;;;
2205;Pitfall traps;3;Insecta;Coleoptera;Staphylinidae;Staphylinidae;Staphylinidae Latreille, 1802;F;1;;;
2257;Pitfall traps;6;Insecta;Coleoptera;Staphylinidae;Staphylinidae;Staphylinidae Latreille, 1802;F;1;;;
2021;Pitfall traps;2;Insecta;Coleoptera;Trogidae;Trox;Trox Fabricius, 1775;G;1;;;
2021;Pitfall traps;6;Insecta;Coleoptera;Trogidae;Trox;Trox Fabricius, 1775;G;1;;;
2021;Pitfall traps;1;Insecta;Diptera;NA;Diptera;Diptera Linnaeus, 1758;O;2;;;
2021;Pitfall traps;5;Insecta;Diptera;NA;Diptera;Diptera Linnaeus, 1758;O;1;;;
2021;Pitfall traps;6;Insecta;Diptera;NA;Diptera;Diptera Linnaeus, 1758;O;1;;;
2034;Hand sorting;6;Insecta;Diptera;NA;Diptera;Diptera Linnaeus, 1758;O;1;;;
2034;Pitfall traps;1;Insecta;Diptera;NA;Diptera;Diptera Linnaeus, 1758;O;1;;;
2034;Pitfall traps;6;Insecta;Diptera;NA;Diptera;Diptera Linnaeus, 1758;O;2;;;
2205;Hand sorting;1;Insecta;Diptera;NA;Diptera;Diptera Linnaeus, 1758;O;1;;;
2205;Hand sorting;3;Insecta;Diptera;NA;Diptera;Diptera Linnaeus, 1758;O;1;;;
2205;Hand sorting;5;Insecta;Diptera;NA;Diptera;Diptera Linnaeus, 1758;O;1;;;
2205;Hand sorting;6;Insecta;Diptera;NA;Diptera;Diptera Linnaeus, 1758;O;1;;;
2205;Hand sorting;6;Insecta;Diptera;NA;Diptera;Diptera Linnaeus, 1758;O;1;;;
2205;Pitfall traps;2;Insecta;Diptera;NA;Diptera;Diptera Linnaeus, 1758;O;3;;;
2205;Pitfall traps;3;Insecta;Diptera;NA;Diptera;Diptera Linnaeus, 1758;O;5;;;
2205;Pitfall traps;4;Insecta;Diptera;NA;Diptera;Diptera Linnaeus, 1758;O;1;;;
2205;Pitfall traps;5;Insecta;Diptera;NA;Diptera;Diptera Linnaeus, 1758;O;5;;;
2205;Pitfall traps;6;Insecta;Diptera;NA;Diptera;Diptera Linnaeus, 1758;O;4;;;
2257;Pitfall traps;2;Insecta;Diptera;NA;Diptera;Diptera Linnaeus, 1758;O;2;;;
2257;Pitfall traps;3;Insecta;Diptera;NA;Diptera;Diptera Linnaeus, 1758;O;2;;;
2257;Pitfall traps;4;Insecta;Diptera;NA;Diptera;Diptera Linnaeus, 1758;O;1;;;
2257;Pitfall traps;6;Insecta;Diptera;NA;Diptera;Diptera Linnaeus, 1758;O;3;;;
1477;Pitfall traps;1;Insecta;Hemiptera;NA;Hemiptera;Hemiptera Linnaeus, 1758;O;2;;;
2021;Hand sorting;3;Insecta;Hemiptera;NA;Hemiptera;Hemiptera Linnaeus, 1758;O;1;;;
2021;Hand sorting;3;Insecta;Hemiptera;NA;Cicadomorpha;Cicadomorpha Evans, 1946;O;16;;;
2021;Pitfall traps;2;Insecta;Hemiptera;NA;Cicadomorpha;Cicadomorpha Evans, 1946;O;1;;;
2021;Pitfall traps;4;Insecta;Hemiptera;NA;Cicadomorpha;Cicadomorpha Evans, 1946;O;1;;;
2021;Pitfall traps;6;Insecta;Hemiptera;NA;Cicadomorpha;Cicadomorpha Evans, 1946;O;1;;;
2021;Pitfall traps;6;Insecta;Hemiptera;NA;Heteroptera;Heteroptera Latreille, 1810;O;1;;;
2034;Pitfall traps;1;Insecta;Hemiptera;NA;Heteroptera;Heteroptera Latreille, 1810;O;1;;;
2034;Pitfall traps;2;Insecta;Hemiptera;NA;Cicadomorpha;Cicadomorpha Evans, 1946;O;1;;;
2034;Pitfall traps;3;Insecta;Hemiptera;NA;Cicadomorpha;Cicadomorpha Evans, 1946;O;1;;;
2034;Pitfall traps;6;Insecta;Hemiptera;NA;Heteroptera;Heteroptera Latreille, 1810;O;1;;;
2205;Pitfall traps;4;Insecta;Hemiptera;NA;Cicadomorpha;Cicadomorpha Evans, 1946;O;1;;;
2205;Pitfall traps;6;Insecta;Hemiptera;NA;Hemiptera;Hemiptera Linnaeus, 1758;O;1;;;
2257;Pitfall traps;1;Insecta;Hemiptera;NA;Cicadomorpha;Cicadomorpha Evans, 1946;O;4;;;
2257;Pitfall traps;5;Insecta;Hemiptera;NA;Cicadomorpha;Cicadomorpha Evans, 1946;O;1;;;
2034;Pitfall traps;6;Insecta;Hymenoptera;Apidae;Nomada;Nomada Scopoli, 1770;G;1;;;
1477;Hand sorting;2;Insecta;Hymenoptera;Formicidae;Myrmica rubra;Myrmica rubra (Linnaeus, 1758);S;1;;;
1477;Hand sorting;4;Insecta;Hymenoptera;Formicidae;Myrmica rubra;Myrmica rubra (Linnaeus, 1758);S;2;;;
1477;Hand sorting;5;Insecta;Hymenoptera;Formicidae;Myrmica rubra;Myrmica rubra (Linnaeus, 1758);S;1;;;
1477;Pitfall traps;1;Insecta;Hymenoptera;Formicidae;Lasius platythorax;Lasius platythorax Seifert, 1991;S;5;;;
1477;Pitfall traps;1;Insecta;Hymenoptera;Formicidae;Myrmica rubra;Myrmica rubra (Linnaeus, 1758);S;3;;;
1477;Pitfall traps;2;Insecta;Hymenoptera;Formicidae;Lasius platythorax;Lasius platythorax Seifert, 1991;S;1;;;
1477;Pitfall traps;2;Insecta;Hymenoptera;Formicidae;Myrmica rubra;Myrmica rubra (Linnaeus, 1758);S;1;;;
1477;Pitfall traps;3;Insecta;Hymenoptera;Formicidae;Lasius niger;Lasius niger (Linnaeus, 1758);S;5;;;
1477;Pitfall traps;3;Insecta;Hymenoptera;Formicidae;Myrmica rubra;Myrmica rubra (Linnaeus, 1758);S;1;;;
1477;Pitfall traps;4;Insecta;Hymenoptera;Formicidae;Formica cunicularia;Formica cunicularia Latreille, 1798;S;1;;;
1477;Pitfall traps;4;Insecta;Hymenoptera;Formicidae;Myrmica rubra;Myrmica rubra (Linnaeus, 1758);S;1;;;
1477;Pitfall traps;4;Insecta;Hymenoptera;Formicidae;Tapinoma erraticum;Tapinoma erraticum (Latreille, 1798);S;2;;;
1477;Pitfall traps;4;Insecta;Hymenoptera;Formicidae;Tetramorium;Tetramorium Mayr, 1855;G;15;Tetramorium gr. caespitum/impurum;;
1477;Pitfall traps;5;Insecta;Hymenoptera;Formicidae;Myrmica rubra;Myrmica rubra (Linnaeus, 1758);S;4;;;
2021;Hand sorting;1;Insecta;Hymenoptera;Formicidae;Myrmecina graminicola;Myrmecina graminicola (Latreille, 1802);S;2;;;
2021;Hand sorting;2;Insecta;Hymenoptera;Formicidae;Formica gagates;Formica gagates Latreille, 1798;S;0;;;
2021;Hand sorting;2;Insecta;Hymenoptera;Formicidae;Myrmecina graminicola;Myrmecina graminicola (Latreille, 1802);S;1;;;
2021;Hand sorting;2;Insecta;Hymenoptera;Formicidae;Temnothorax;Temnothorax Mayr, 1861;G;1;;;
2021;Hand sorting;3;Insecta;Hymenoptera;Formicidae;Myrmica sabuleti;Myrmica sabuleti Meinert, 1861;S;5;;;
2021;Hand sorting;4;Insecta;Hymenoptera;Formicidae;Myrmecina graminicola;Myrmecina graminicola (Latreille, 1802);S;1;;;
2021;Hand sorting;4;Insecta;Hymenoptera;Formicidae;Ponera testacea;Ponera testacea Emery, 1895;S;1;;;
2021;Hand sorting;5;Insecta;Hymenoptera;Formicidae;Formica cunicularia;Formica cunicularia Latreille, 1798;S;1;;;
2021;Hand sorting;5;Insecta;Hymenoptera;Formicidae;Myrmica sabuleti;Myrmica sabuleti Meinert, 1861;S;2;;;
2021;Hand sorting;6;Insecta;Hymenoptera;Formicidae;Aphaenogaster subterranea;Aphaenogaster subterranea (Latreille, 1798);S;1;;;
2021;Pitfall traps;1;Insecta;Hymenoptera;Formicidae;Formica gagates;Formica gagates Latreille, 1798;S;20;;;
2021;Pitfall traps;1;Insecta;Hymenoptera;Formicidae;Formica gagates;Formica gagates Latreille, 1798;S;2;;;
2021;Pitfall traps;2;Insecta;Hymenoptera;Formicidae;Formica gagates;Formica gagates Latreille, 1798;S;27;;;
2021;Pitfall traps;3;Insecta;Hymenoptera;Formicidae;Formica gagates;Formica gagates Latreille, 1798;S;86;;;
2021;Pitfall traps;3;Insecta;Hymenoptera;Formicidae;Tapinoma;Tapinoma Förster, 1850;G;1;;;
2021;Pitfall traps;4;Insecta;Hymenoptera;Formicidae;Formica gagates;Formica gagates Latreille, 1798;S;151;;;
2021;Pitfall traps;5;Insecta;Hymenoptera;Formicidae;Formica gagates;Formica gagates Latreille, 1798;S;121;;;
2021;Pitfall traps;5;Insecta;Hymenoptera;Formicidae;Myrmecina graminicola;Myrmecina graminicola (Latreille, 1802);S;1;;;
2021;Pitfall traps;5;Insecta;Hymenoptera;Formicidae;Tapinoma;Tapinoma Förster, 1850;G;1;;;
2021;Pitfall traps;6;Insecta;Hymenoptera;Formicidae;Formica gagates;Formica gagates Latreille, 1798;S;141;;;
2021;Pitfall traps;6;Insecta;Hymenoptera;Formicidae;Myrmica sabuleti;Myrmica sabuleti Meinert, 1861;S;1;;;
2021;Pitfall traps;6;Insecta;Hymenoptera;Formicidae;Tapinoma;Tapinoma Förster, 1850;G;1;;;
2034;Hand sorting;2;Insecta;Hymenoptera;Formicidae;Crematogaster sordidula;Crematogaster sordidula (Nylander, 1849);S;2;;;
2034;Hand sorting;2;Insecta;Hymenoptera;Formicidae;Plagiolepis pygmaea;Plagiolepis pygmaea (Latreille, 1798);S;1;;;
2034;Hand sorting;5;Insecta;Hymenoptera;Formicidae;Tetramorium;Tetramorium Mayr, 1855;G;1;Tetramorium gr. caespitum/impurum;;
2034;Pitfall traps;1;Insecta;Hymenoptera;Formicidae;Camponotus lateralis;Camponotus lateralis (Olivier, 1792);S;1;;;
2034;Pitfall traps;1;Insecta;Hymenoptera;Formicidae;Crematogaster scutellaris;Crematogaster scutellaris (Olivier, 1792);S;1;;;
2034;Pitfall traps;1;Insecta;Hymenoptera;Formicidae;Crematogaster sordidula;Crematogaster sordidula (Nylander, 1849);S;5;;;
2034;Pitfall traps;1;Insecta;Hymenoptera;Formicidae;Messor;Messor Forel, 1890;G;1;Messor gr.ibericus;;
2034;Pitfall traps;1;Insecta;Hymenoptera;Formicidae;Pheidole pallidula;Pheidole pallidula (Nylander, 1849);S;1;;;
2034;Pitfall traps;1;Insecta;Hymenoptera;Formicidae;Plagiolepis pygmaea;Plagiolepis pygmaea (Latreille, 1798);S;3;;;
2034;Pitfall traps;1;Insecta;Hymenoptera;Formicidae;Temnothorax;Temnothorax Mayr, 1861;G;2;;;
2034;Pitfall traps;2;Insecta;Hymenoptera;Formicidae;Crematogaster sordidula;Crematogaster sordidula (Nylander, 1849);S;9;;;
2034;Pitfall traps;2;Insecta;Hymenoptera;Formicidae;Plagiolepis pygmaea;Plagiolepis pygmaea (Latreille, 1798);S;1;;;
2034;Pitfall traps;2;Insecta;Hymenoptera;Formicidae;Temnothorax;Temnothorax Mayr, 1861;G;1;;;
2034;Pitfall traps;3;Insecta;Hymenoptera;Formicidae;Camponotus pilicornis;Camponotus pilicornis (Roger, 1859);S;1;;;
2034;Pitfall traps;3;Insecta;Hymenoptera;Formicidae;Crematogaster sordidula;Crematogaster sordidula (Nylander, 1849);S;3;;;
2034;Pitfall traps;3;Insecta;Hymenoptera;Formicidae;Messor;Messor Forel, 1890;G;1;Messor gr.ibericus;;
2034;Pitfall traps;3;Insecta;Hymenoptera;Formicidae;Pheidole pallidula;Pheidole pallidula (Nylander, 1849);S;19;;;
2034;Pitfall traps;3;Insecta;Hymenoptera;Formicidae;Plagiolepis pygmaea;Plagiolepis pygmaea (Latreille, 1798);S;1;;;
2034;Pitfall traps;3;Insecta;Hymenoptera;Formicidae;Solenopsis;Solenopsis Westwood, 1840;G;2;;;
2034;Pitfall traps;4;Insecta;Hymenoptera;Formicidae;Crematogaster scutellaris;Crematogaster scutellaris (Olivier, 1792);S;1;;;
2034;Pitfall traps;4;Insecta;Hymenoptera;Formicidae;Crematogaster sordidula;Crematogaster sordidula (Nylander, 1849);S;16;;;
2034;Pitfall traps;4;Insecta;Hymenoptera;Formicidae;Plagiolepis pygmaea;Plagiolepis pygmaea (Latreille, 1798);S;2;;;
2034;Pitfall traps;4;Insecta;Hymenoptera;Formicidae;Tetramorium;Tetramorium Mayr, 1855;G;5;Tetramorium gr. caespitum/impurum;;
2034;Pitfall traps;5;Insecta;Hymenoptera;Formicidae;Camponotus cruentatus;Camponotus cruentatus (Latreille, 1802);S;14;;;
2034;Pitfall traps;5;Insecta;Hymenoptera;Formicidae;Crematogaster sordidula;Crematogaster sordidula (Nylander, 1849);S;1;;;
2034;Pitfall traps;6;Insecta;Hymenoptera;Formicidae;Crematogaster sordidula;Crematogaster sordidula (Nylander, 1849);S;6;;;
2034;Pitfall traps;6;Insecta;Hymenoptera;Formicidae;Messor;Messor Forel, 1890;G;8;Messor gr.ibericus;;
2034;Pitfall traps;6;Insecta;Hymenoptera;Formicidae;Pheidole pallidula;Pheidole pallidula (Nylander, 1849);S;1;;;
2034;Pitfall traps;6;Insecta;Hymenoptera;Formicidae;Plagiolepis pygmaea;Plagiolepis pygmaea (Latreille, 1798);S;1;;;
2205;Hand sorting;1;Insecta;Hymenoptera;Formicidae;Formica gagates;Formica gagates Latreille, 1798;S;2;;;
2205;Hand sorting;3;Insecta;Hymenoptera;Formicidae;Aphaenogaster ichnusa;Aphaenogaster ichnusa Santschi, 1925;S;1;;;
2205;Hand sorting;5;Insecta;Hymenoptera;Formicidae;Aphaenogaster ichnusa;Aphaenogaster ichnusa Santschi, 1925;S;3;;;
2205;Pitfall traps;1;Insecta;Hymenoptera;Formicidae;Temnothorax;Temnothorax Mayr, 1861;G;1;;;
2205;Pitfall traps;2;Insecta;Hymenoptera;Formicidae;Aphaenogaster ichnusa;Aphaenogaster ichnusa Santschi, 1925;S;2;;;
2205;Pitfall traps;2;Insecta;Hymenoptera;Formicidae;Camponotus lateralis;Camponotus lateralis (Olivier, 1792);S;1;;;
2205;Pitfall traps;2;Insecta;Hymenoptera;Formicidae;Camponotus vagus;Camponotus vagus (Scopoli, 1763);S;1;;;
2205;Pitfall traps;2;Insecta;Hymenoptera;Formicidae;Crematogaster scutellaris;Crematogaster scutellaris (Olivier, 1792);S;7;;;
2205;Pitfall traps;2;Insecta;Hymenoptera;Formicidae;Formica gagates;Formica gagates Latreille, 1798;S;1;Poils tombés sur pronotum;;
2205;Pitfall traps;3;Insecta;Hymenoptera;Formicidae;Crematogaster scutellaris;Crematogaster scutellaris (Olivier, 1792);S;1;;;
2205;Pitfall traps;3;Insecta;Hymenoptera;Formicidae;Formica gagates;Formica gagates Latreille, 1798;S;16;Poils tombés sur pronotum;;
2205;Pitfall traps;3;Insecta;Hymenoptera;Formicidae;Temnothorax;Temnothorax Mayr, 1861;G;4;;;
2205;Pitfall traps;4;Insecta;Hymenoptera;Formicidae;Formica gagates;Formica gagates Latreille, 1798;S;10;;;
2205;Pitfall traps;4;Insecta;Hymenoptera;Formicidae;Lasius neglectus;Lasius neglectus Van Loon, Boomsma & Andrasfalvy, 1990;S;5;;;
2205;Pitfall traps;4;Insecta;Hymenoptera;Formicidae;Pheidole pallidula;Pheidole pallidula (Nylander, 1849);S;3;;;
2205;Pitfall traps;5;Insecta;Hymenoptera;Formicidae;Aphaenogaster ichnusa;Aphaenogaster ichnusa Santschi, 1925;S;2;;;
2205;Pitfall traps;5;Insecta;Hymenoptera;Formicidae;Camponotus lateralis;Camponotus lateralis (Olivier, 1792);S;7;;;
2205;Pitfall traps;5;Insecta;Hymenoptera;Formicidae;Crematogaster scutellaris;Crematogaster scutellaris (Olivier, 1792);S;10;;;
2205;Pitfall traps;5;Insecta;Hymenoptera;Formicidae;Formica gagates;Formica gagates Latreille, 1798;S;37;;;
2205;Pitfall traps;6;Insecta;Hymenoptera;Formicidae;Aphaenogaster ichnusa;Aphaenogaster ichnusa Santschi, 1925;S;2;;;
2205;Pitfall traps;6;Insecta;Hymenoptera;Formicidae;Camponotus cruentatus;Camponotus cruentatus (Latreille, 1802);S;1;;;
2205;Pitfall traps;6;Insecta;Hymenoptera;Formicidae;Formica gagates;Formica gagates Latreille, 1798;S;13;;;
2205;Pitfall traps;6;Insecta;Hymenoptera;Formicidae;Temnothorax;Temnothorax Mayr, 1861;G;4;2 sp;;
2257;Hand sorting;1;Insecta;Hymenoptera;Formicidae;Ponera coarctata;Ponera coarctata (Latreille, 1802);S;3;;;
2257;Hand sorting;2;Insecta;Hymenoptera;Formicidae;Ponera coarctata;Ponera coarctata (Latreille, 1802);S;1;;;
2257;Hand sorting;3;Insecta;Hymenoptera;Formicidae;Lasius grandis;Lasius grandis Forel, 1909;S;1;;;
2257;Hand sorting;3;Insecta;Hymenoptera;Formicidae;Ponera coarctata;Ponera coarctata (Latreille, 1802);S;1;;;
2257;Hand sorting;4;Insecta;Hymenoptera;Formicidae;Ponera coarctata;Ponera coarctata (Latreille, 1802);S;3;;;
2257;Hand sorting;4;Insecta;Hymenoptera;Formicidae;Temnothorax;Temnothorax Mayr, 1861;G;1;;;
2257;Hand sorting;5;Insecta;Hymenoptera;Formicidae;Ponera coarctata;Ponera coarctata (Latreille, 1802);S;1;;;
2257;Hand sorting;5;Insecta;Hymenoptera;Formicidae;Temnothorax;Temnothorax Mayr, 1861;G;2;;;
2257;Pitfall traps;1;Insecta;Hymenoptera;Formicidae;Temnothorax;Temnothorax Mayr, 1861;G;1;;;
2257;Pitfall traps;2;Insecta;Hymenoptera;Formicidae;Aphaenogaster subterranea;Aphaenogaster subterranea (Latreille, 1798);S;1;;;
2257;Pitfall traps;2;Insecta;Hymenoptera;Formicidae;Formica gagates;Formica gagates Latreille, 1798;S;2;;;
2257;Pitfall traps;2;Insecta;Hymenoptera;Formicidae;Stenamma westwoodii;Stenamma westwoodii Westwood, 1839;S;1;;;
2257;Pitfall traps;2;Insecta;Hymenoptera;Formicidae;Temnothorax;Temnothorax Mayr, 1861;G;1;;;
2257;Pitfall traps;3;Insecta;Hymenoptera;Formicidae;Formica gagates;Formica gagates Latreille, 1798;S;1;;;
2257;Pitfall traps;3;Insecta;Hymenoptera;Formicidae;Lasius grandis;Lasius grandis Forel, 1909;S;2;;;
2257;Pitfall traps;4;Insecta;Hymenoptera;Formicidae;Formica gagates;Formica gagates Latreille, 1798;S;1;;;
2257;Pitfall traps;4;Insecta;Hymenoptera;Formicidae;Hypoponera eduardi;Hypoponera eduardi (Forel, 1894);S;1;;;
2257;Pitfall traps;5;Insecta;Hymenoptera;Formicidae;Aphaenogaster subterranea;Aphaenogaster subterranea (Latreille, 1798);S;2;;;
2257;Pitfall traps;5;Insecta;Hymenoptera;Formicidae;Formica gagates;Formica gagates Latreille, 1798;S;2;;;
2257;Pitfall traps;5;Insecta;Hymenoptera;Formicidae;Lasius grandis;Lasius grandis Forel, 1909;S;1;;;
2257;Pitfall traps;6;Insecta;Hymenoptera;Formicidae;Formica gagates;Formica gagates Latreille, 1798;S;1;;;
2257;Pitfall traps;6;Insecta;Hymenoptera;Formicidae;Lasius emarginatus;Lasius emarginatus (Olivier, 1792);S;1;;;
2257;Pitfall traps;6;Insecta;Hymenoptera;Formicidae;Lasius grandis;Lasius grandis Forel, 1909;S;1;;;
2257;Pitfall traps;6;Insecta;Hymenoptera;Formicidae;Temnothorax;Temnothorax Mayr, 1861;G;1;;;
2021;Hand sorting;5;Insecta;Lepidoptera;NA;Lepidoptera;Lepidoptera Linnaeus, 1758;O;1;;;
2021;Pitfall traps;3;Insecta;Lepidoptera;NA;Lepidoptera;Lepidoptera Linnaeus, 1758;O;1;;;
2021;Pitfall traps;4;Insecta;Lepidoptera;NA;Lepidoptera;Lepidoptera Linnaeus, 1758;O;1;;;
2034;Pitfall traps;3;Insecta;Lepidoptera;NA;Lepidoptera;Lepidoptera Linnaeus, 1758;O;1;;;
2034;Pitfall traps;4;Insecta;Lepidoptera;NA;Lepidoptera;Lepidoptera Linnaeus, 1758;O;2;;;
2034;Pitfall traps;5;Insecta;Lepidoptera;NA;Lepidoptera;Lepidoptera Linnaeus, 1758;O;1;;;
2257;Pitfall traps;4;Insecta;Lepidoptera;NA;Lepidoptera;Lepidoptera Linnaeus, 1758;O;1;;;
2257;Pitfall traps;5;Insecta;Lepidoptera;NA;Lepidoptera;Lepidoptera Linnaeus, 1758;O;2;;;
2257;Pitfall traps;1;Insecta;Orthoptera;Gryllidae;Gryllidae;Gryllidae Laicharting, 1781;F;5;;;
2257;Pitfall traps;3;Insecta;Orthoptera;Gryllidae;Gryllidae;Gryllidae Laicharting, 1781;F;5;;;
2257;Pitfall traps;6;Insecta;Orthoptera;Gryllidae;Gryllidae;Gryllidae Laicharting, 1781;F;4;;;
1477;Pitfall traps;1;Insecta;Orthoptera;NA;Orthoptera;Orthoptera Latreille, 1810;O;1;;;
1477;Pitfall traps;3;Insecta;Orthoptera;NA;Orthoptera;Orthoptera Latreille, 1810;O;2;;;
1477;Pitfall traps;4;Insecta;Orthoptera;NA;Orthoptera;Orthoptera Latreille, 1810;O;1;;;
2021;Pitfall traps;6;Insecta;Orthoptera;NA;Orthoptera;Orthoptera Latreille, 1810;O;1;;;
2034;Pitfall traps;3;Insecta;Orthoptera;NA;Orthoptera;Orthoptera Latreille, 1810;O;1;;;
2257;Pitfall traps;3;Insecta;Orthoptera;NA;Orthoptera;Orthoptera Latreille, 1810;O;2;;;
2205;Hand sorting;4;Insecta;Orthoptera;Trigonidiidae;Nemobius;Nemobius Audinet-Serville, 1838;G;1;;;
2205;Pitfall traps;6;Insecta;Psocodea;NA;NA;NA;O;1;;;
2021;Pitfall traps;4;Insecta;Siphonaptera;NA;Siphonaptera;Siphonaptera Latreille, 1825;O;2;;;
2257;Hand sorting;3;Insecta;Zygentoma;NA;Zygentoma;Zygentoma Börner, 1904;O;1;;;
2205;Pitfall traps;4;Malacostraca;Isopoda;Armadillidiidae;Armadillidium vulgare;Armadillidium vulgare (Latreille, 1804);S;1;;;
2205;Pitfall traps;6;Malacostraca;Isopoda;Armadillidiidae;Armadillidium;Armadillidium Brandt, 1831;G;1;;;
2034;Pitfall traps;2;Malacostraca;Isopoda;Philosciidae;Chaetophiloscia sicula;Chaetophiloscia sicula Verhoeff, 1909;S;1;;;
2257;Hand sorting;2;Malacostraca;Isopoda;Porcellionidae;Porcellio gallicus;Porcellio gallicus Dollfus, 1904;S;1;;;
2257;Hand sorting;4;Malacostraca;Isopoda;Porcellionidae;Porcellio gallicus;Porcellio gallicus Dollfus, 1904;S;1;;;
2257;Hand sorting;5;Malacostraca;Isopoda;Porcellionidae;Porcellio gallicus;Porcellio gallicus Dollfus, 1904;S;1;;;
2257;Pitfall traps;1;Malacostraca;Isopoda;Porcellionidae;Porcellio monticola;Porcellio monticola Lereboullet, 1853;S;2;;;
2257;Pitfall traps;3;Malacostraca;Isopoda;Porcellionidae;Porcellio gallicus;Porcellio gallicus Dollfus, 1904;S;1;;;
2257;Pitfall traps;5;Malacostraca;Isopoda;Porcellionidae;Porcellio monticola;Porcellio monticola Lereboullet, 1853;S;1;;;
2257;Pitfall traps;6;Malacostraca;Isopoda;Porcellionidae;Porcellio gallicus;Porcellio gallicus Dollfus, 1904;S;1;;;
1477;Pitfall traps;1;Malacostraca;Isopoda;Trachelipodidae;Trachelipus rathkii;Trachelipus rathkii (Brandt, 1833);S;3;;;
1477;Pitfall traps;2;Malacostraca;Isopoda;Trachelipodidae;Trachelipus rathkii;Trachelipus rathkii (Brandt, 1833);S;6;;;
1477;Pitfall traps;3;Malacostraca;Isopoda;Trachelipodidae;Trachelipus rathkii;Trachelipus rathkii (Brandt, 1833);S;2;;;
1477;Pitfall traps;4;Malacostraca;Isopoda;Trachelipodidae;Trachelipus rathkii;Trachelipus rathkii (Brandt, 1833);S;1;;;
1477;Hand sorting;1;Malacostraca;Isopoda;Trichoniscidae;Hyloniscus riparius;Hyloniscus riparius (Koch, 1838);S;2;;;
1477;Hand sorting;5;Malacostraca;Isopoda;Trichoniscidae;Hyloniscus riparius;Hyloniscus riparius (Koch, 1838);S;1;;;
2021;Hand sorting;5;Myriapoda;Glomerida;Glomeridae;Glomeris marginata;Glomeris marginata (Villers, 1789);S;1;;;
2205;Hand sorting;1;Myriapoda;Glomerida;Glomeridae;Glomeris marginata;Glomeris marginata (Villers, 1789);S;1;;;
2205;Pitfall traps;3;Myriapoda;Glomerida;Glomeridae;Glomeris marginata;Glomeris marginata (Villers, 1789);S;1;;;
2257;Pitfall traps;4;Myriapoda;Glomerida;Glomeridae;Glomeris;Glomeris intermedia Latzel, 1884;S;1;;;
2257;Pitfall traps;2;Myriapoda;Glomerida;Glomeridellidae;Glomeridella kervillei;Glomeridella kervillei (Latzel, 1895);S;1;;;
2257;Hand sorting;3;Myriapoda;Julida;Blaniulidae;Blaniulidae;Blaniulidae C. L. Koch, 1847;F;1;;;
2034;Pitfall traps;1;Myriapoda;Julida;Julidae;Ommatoiulus;Ommatoiulus Latzel, 1884;G;18;;;
2034;Pitfall traps;2;Myriapoda;Julida;Julidae;Ommatoiulus;Ommatoiulus Latzel, 1884;G;30;;;
2034;Pitfall traps;3;Myriapoda;Julida;Julidae;Ommatoiulus;Ommatoiulus Latzel, 1884;G;6;;;
2034;Pitfall traps;3;Myriapoda;Julida;Julidae;Ommatoiulus sabulosus;Ommatoiulus sabulosus (Linnaeus, 1758);S;1;;;
2034;Pitfall traps;4;Myriapoda;Julida;Julidae;Ommatoiulus;Ommatoiulus Latzel, 1884;G;18;;;
2034;Pitfall traps;4;Myriapoda;Julida;Julidae;Ommatoiulus sabulosus;Ommatoiulus sabulosus (Linnaeus, 1758);S;1;;;
2034;Pitfall traps;5;Myriapoda;Julida;Julidae;Ommatoiulus;Ommatoiulus Latzel, 1884;G;6;;;
2034;Pitfall traps;6;Myriapoda;Julida;Julidae;Ommatoiulus;Ommatoiulus Latzel, 1884;G;5;;;
2257;Pitfall traps;3;Myriapoda;Julida;Julidae;Leptoiulus;Leptoiulus Verhoeff, 1894;G;1;;;
1477;Hand sorting;6;Myriapoda;Polydesmida;Polydesmidae;Polydesmus denticulatus;Polydesmus denticulatus C.L. Koch, 1847;S;1;;;
2257;Pitfall traps;3;NA;NA;NA;Hexapoda;Hexapoda Blainville, 1816;?;1;;;
