site_id,species,psi_hat
RMQS_25_AVESSAC_831,Agyneta affinis,0.9999999982368597
RMQS_25_BIOL_1517,Agyneta affinis,0.9999999982368597
RMQS_25_ALLINGES_1275,Agyneta mollis,0.9999981660771728
RMQS_25_AVESSAC_831,Agyneta mollis,0.9999981660771728
RMQS_25_BEAUCHENE_438,Agyneta mollis,0.9999981660771728
RMQS_25_BIOL_1517,Agyneta mollis,0.9999981660771728
RMQS_25_CHAMBLAC_325,Agyneta mollis,0.9999981660771728
RMQS_25_CHATEAU-L'EVEQUE_1578,Agyneta mollis,0.9999981660771728
RMQS_25_CHATRES-SUR-CHER_997,Agyneta mollis,0.9999981660771728
RMQS_25_ESPAGNAC_1584,Agyneta mollis,0.9999981660771728
RMQS_25_FONDETTES_946,Agyneta mollis,0.9999981660771728
RMQS_25_JOUILLAT_1295,Agyneta mollis,0.9999981660771728
RMQS_25_LUGNY-LES-CHAROLLES_1264,Agyneta mollis,0.9999981660771728
RMQS_25_MELLERAY_680,Agyneta mollis,0.9999981660771728
RMQS_25_PAUILLAC_1571,Agyneta mollis,0.9999981660771728
RMQS_25_POMMERAYE_939,Agyneta mollis,0.9999981660771728
RMQS_25_TRIAIZE_1238,Agyneta mollis,0.9999981660771728
RMQS_25_YGRANDE_1216,Agyneta mollis,0.9999981660771728
RMQS_25_AILLEVILLE_640,Agyneta rurestris,0.999988961296614
RMQS_25_BEZIERS_2161,Agyneta rurestris,0.999988961296614
RMQS_25_CANET-DE-SALARS_1882,Agyneta rurestris,0.999988961296614
RMQS_25_CUGNEY_970,Agyneta rurestris,0.999988961296614
RMQS_25_DOMPAIRE_647,Agyneta rurestris,0.999988961296614
RMQS_25_EBERSHEIM_594,Agyneta rurestris,0.999988961296614
RMQS_25_EPANNES_1283,Agyneta rurestris,0.999988961296614
RMQS_25_FONDETTES_946,Agyneta rurestris,0.999988961296614
RMQS_25_HORPS_557,Agyneta rurestris,0.999988961296614
RMQS_25_LESCOUT_2110,Agyneta rurestris,0.999988961296614
RMQS_25_PAUILLAC_1571,Agyneta rurestris,0.999988961296614
RMQS_25_PERREUX_803,Agyneta rurestris,0.999988961296614
RMQS_25_POMMERAYE_939,Agyneta rurestris,0.999988961296614
RMQS_25_SCEAUX-DU-GATINAIS_688,Agyneta rurestris,0.999988961296614
RMQS_25_ALLANCHE_1589,Agyneta simplicitarsis,0.9999977830033987
RMQS_25_PRESSAGNY-L'ORGUEILLEUX_277,Agyneta simplicitarsis,0.9999977830033987
RMQS_25_SAINT-GINEIS-EN-COIRON_1764,Agyneta simplicitarsis,0.9999977830033987
RMQS_25_YGRANDE_1216,Agyneta simplicitarsis,0.9999977830033987
RMQS_25_LONDE-LES-MAURES_2207,Alopecosa albofasciata,0.9999888411925735
RMQS_25_RAUVILLE-LA-BIGOT_147,Alopecosa albofasciata,0.9999888411925735
RMQS_25_ROCBARON_2172,Alopecosa albofasciata,0.9999888411925735
RMQS_25_SALON-DE-PROVENCE_2079,Alopecosa albofasciata,0.9999888411925735
RMQS_25_ALLINGES_1275,Alopecosa cuneata,0.9999999117001386
RMQS_25_AVESSAC_831,Alopecosa cuneata,0.9999999117001386
RMQS_25_BAZORDAN_2186,Alopecosa cuneata,0.9999999117001386
RMQS_25_BEAUCHENE_438,Alopecosa cuneata,0.9999999117001386
RMQS_25_BESSE_1747,Alopecosa cuneata,0.9999999117001386
RMQS_25_BIOL_1517,Alopecosa cuneata,0.9999999117001386
RMQS_25_CHATEAU-L'EVEQUE_1578,Alopecosa cuneata,0.9999999117001386
RMQS_25_CHATRES-SUR-CHER_997,Alopecosa cuneata,0.9999999117001386
RMQS_25_ESPAGNAC_1584,Alopecosa cuneata,0.9999999117001386
RMQS_25_HORPS_557,Alopecosa cuneata,0.9999999117001386
RMQS_25_HOUTAUD_1107,Alopecosa cuneata,0.9999999117001386
RMQS_25_LESCOUT_2110,Alopecosa cuneata,0.9999999117001386
RMQS_25_PRESSAGNY-L'ORGUEILLEUX_277,Alopecosa cuneata,0.9999999117001386
RMQS_25_SAINT-GINEIS-EN-COIRON_1764,Alopecosa cuneata,0.9999999117001386
RMQS_25_YGRANDE_1216,Alopecosa cuneata,0.9999999117001386
RMQS_25_DAMBACH-LA-VILLE_10594,Alopecosa farinosa,0.9999999999978435
RMQS_25_GEDRE_2269,Alopecosa farinosa,0.9999999999978435
RMQS_25_ALLANCHE_1589,Aulonia albimana,0.9999999918180674
RMQS_25_ALLINGES_1275,Aulonia albimana,0.9999999918180674
RMQS_25_ARFEUILLES_1345,Aulonia albimana,0.9999999918180674
RMQS_25_AVESSAC_831,Aulonia albimana,0.9999999918180674
RMQS_25_BESSE_1747,Aulonia albimana,0.9999999918180674
RMQS_25_CHATEAU-L'EVEQUE_1578,Aulonia albimana,0.9999999918180674
RMQS_25_CHATRES-SUR-CHER_997,Aulonia albimana,0.9999999918180674
RMQS_25_CLEMONT_903,Aulonia albimana,0.9999999918180674
RMQS_25_ESPAGNAC_1584,Aulonia albimana,0.9999999918180674
RMQS_25_GAREIN_1911,Aulonia albimana,0.9999999918180674
RMQS_25_JOUILLAT_1295,Aulonia albimana,0.9999999918180674
RMQS_25_PRESSAGNY-L'ORGUEILLEUX_277,Aulonia albimana,0.9999999918180674
RMQS_25_SAINT-AGNANT-PRES-CROCQ_1421,Aulonia albimana,0.9999999918180674
RMQS_25_SAINT-GERMAIN_637,Aulonia albimana,0.9999999918180674
RMQS_25_SAINT-GINEIS-EN-COIRON_1764,Aulonia albimana,0.9999999918180674
RMQS_25_SAINT-SAUVEUR-SUR-TINEE_1904,Aulonia albimana,0.9999999918180674
RMQS_25_SANGUINET_1778,Aulonia albimana,0.9999999918180674
RMQS_25_AILLEVILLE_640,Bathyphantes gracilis,0.9999903749937851
RMQS_25_ALLINGES_1275,Bathyphantes gracilis,0.9999903749937851
RMQS_25_ARFEUILLES_1345,Bathyphantes gracilis,0.9999903749937851
RMQS_25_AZAY-LE-FERRON_1126,Bathyphantes gracilis,0.9999903749937851
RMQS_25_BEAUCHENE_438,Bathyphantes gracilis,0.9999903749937851
RMQS_25_CHAMBLAC_325,Bathyphantes gracilis,0.9999903749937851
RMQS_25_LITZ_199,Bathyphantes gracilis,0.9999903749937851
RMQS_25_NAIZIN_663,Bathyphantes gracilis,0.9999903749937851
RMQS_25_PAUILLAC_1571,Bathyphantes gracilis,0.9999903749937851
RMQS_25_PERREUX_803,Bathyphantes gracilis,0.9999903749937851
RMQS_25_RAUVILLE-LA-BIGOT_147,Bathyphantes gracilis,0.9999903749937851
RMQS_25_SAINT-AGNANT-PRES-CROCQ_1421,Bathyphantes gracilis,0.9999903749937851
RMQS_25_TRIAIZE_1238,Bathyphantes gracilis,0.9999903749937851
RMQS_25_YGRANDE_1216,Bathyphantes gracilis,0.9999903749937851
RMQS_25_CHATRES-SUR-CHER_997,Centromerus incilium,0.9999996095279601
RMQS_25_PRESSAGNY-L'ORGUEILLEUX_277,Centromerus incilium,0.9999996095279601
RMQS_25_ALLANCHE_1589,Centromerus sylvaticus,0.9999949220643372
RMQS_25_BETTEVILLE_153,Centromerus sylvaticus,0.9999949220643372
RMQS_25_DOMPAIRE_647,Centromerus sylvaticus,0.9999949220643372
RMQS_25_ESPAGNAC_1584,Centromerus sylvaticus,0.9999949220643372
RMQS_25_ARFEUILLES_1345,Ceratinella brevis,0.9999969025687732
RMQS_25_PRESSAGNY-L'ORGUEILLEUX_277,Ceratinella brevis,0.9999969025687732
RMQS_25_ROCBARON_2172,Ceratinella brevis,0.9999969025687732
RMQS_25_DAMBACH-LA-VILLE_10594,Civizelotes civicus,0.9999925541287444
RMQS_25_PRESSAGNY-L'ORGUEILLEUX_277,Civizelotes civicus,0.9999925541287444
RMQS_25_AVESSAC_831,Collinsia inerrans,0.999968184599339
RMQS_25_BEAUCHENE_438,Collinsia inerrans,0.999968184599339
RMQS_25_CHAMBLAC_325,Collinsia inerrans,0.999968184599339
RMQS_25_HORPS_557,Collinsia inerrans,0.999968184599339
RMQS_25_NAIZIN_663,Collinsia inerrans,0.999968184599339
RMQS_25_RAUVILLE-LA-BIGOT_147,Collinsia inerrans,0.999968184599339
RMQS_25_SAINT-AGNANT-PRES-CROCQ_1421,Collinsia inerrans,0.999968184599339
RMQS_25_CHAMONIX-MONT-BLANC_1402,Cybaeus tetricus,0.9999999991606052
RMQS_25_SUSVILLE_1685,Cybaeus tetricus,0.9999999991606052
RMQS_25_FONDETTES_946,Dicymbium nigrum,0.9999999994194819
RMQS_25_JOUILLAT_1295,Dicymbium nigrum,0.9999999994194819
RMQS_25_LIVRE-SUR-CHANGEON_612,Dicymbium nigrum,0.9999999994194819
RMQS_25_AILLEVILLE_640,Diplocephalus graecus,0.999997030847908
RMQS_25_BEZIERS_2161,Diplocephalus graecus,0.999997030847908
RMQS_25_CHAUSSEE-SUR-MARNE_401,Diplocephalus graecus,0.999997030847908
RMQS_25_EPANNES_1283,Diplocephalus graecus,0.999997030847908
RMQS_25_FONDETTES_946,Diplocephalus graecus,0.999997030847908
RMQS_25_LESCOUT_2110,Diplocephalus graecus,0.999997030847908
RMQS_25_MONT-PRES-CHAMBORD_899,Diplocephalus graecus,0.999997030847908
RMQS_25_PAUILLAC_1571,Diplocephalus graecus,0.999997030847908
RMQS_25_POMMERAYE_939,Diplocephalus graecus,0.999997030847908
RMQS_25_SALON-DE-PROVENCE_2079,Diplocephalus graecus,0.999997030847908
RMQS_25_SCEAUX-DU-GATINAIS_688,Diplocephalus graecus,0.999997030847908
RMQS_25_TRIAIZE_1238,Diplocephalus graecus,0.999997030847908
RMQS_25_LITZ_199,Drassyllus lutetianus,0.9999861808065083
RMQS_25_NAIZIN_663,Drassyllus lutetianus,0.9999861808065083
RMQS_25_PAUILLAC_1571,Drassyllus lutetianus,0.9999861808065083
RMQS_25_PERREUX_803,Drassyllus lutetianus,0.9999861808065083
RMQS_25_PRESSAGNY-L'ORGUEILLEUX_277,Drassyllus lutetianus,0.9999861808065083
RMQS_25_SAINT-AGNANT-PRES-CROCQ_1421,Drassyllus lutetianus,0.9999861808065083
RMQS_25_ALLANCHE_1589,Drassyllus praeficus,0.9999920053733057
RMQS_25_CANET-DE-SALARS_1882,Drassyllus praeficus,0.9999920053733057
RMQS_25_DOMPAIRE_647,Drassyllus praeficus,0.9999920053733057
RMQS_25_PAUILLAC_1571,Drassyllus pumilus,0.9999999999938041
RMQS_25_SAINT-SAUVEUR-SUR-TINEE_1904,Drassyllus pumilus,0.9999999999938041
RMQS_25_BAZORDAN_2186,Drassyllus pusillus,0.9999945767564963
RMQS_25_CHATRES-SUR-CHER_997,Drassyllus pusillus,0.9999945767564963
RMQS_25_DAMBACH-LA-VILLE_10594,Drassyllus pusillus,0.9999945767564963
RMQS_25_ESPAGNAC_1584,Drassyllus pusillus,0.9999945767564963
RMQS_25_LITZ_199,Drassyllus pusillus,0.9999945767564963
RMQS_25_PAUILLAC_1571,Drassyllus pusillus,0.9999945767564963
RMQS_25_PRESSAGNY-L'ORGUEILLEUX_277,Drassyllus pusillus,0.9999945767564963
RMQS_25_SAINT-AGNANT-PRES-CROCQ_1421,Drassyllus pusillus,0.9999945767564963
RMQS_25_SAINT-GINEIS-EN-COIRON_1764,Drassyllus pusillus,0.9999945767564963
RMQS_25_SCEAUX-DU-GATINAIS_688,Drassyllus pusillus,0.9999945767564963
RMQS_25_CANET-DE-SALARS_1882,Eratigena picta,0.9999999999962674
RMQS_25_LAGUIOLE_1756,Eratigena picta,0.9999999999962674
RMQS_25_AILLEVILLE_640,Erigone atra,0.9999812145473655
RMQS_25_AVESSAC_831,Erigone atra,0.9999812145473655
RMQS_25_AZAY-LE-FERRON_1126,Erigone atra,0.9999812145473655
RMQS_25_BEAUCHENE_438,Erigone atra,0.9999812145473655
RMQS_25_CANET-DE-SALARS_1882,Erigone atra,0.9999812145473655
RMQS_25_CHAMBLAC_325,Erigone atra,0.9999812145473655
RMQS_25_CUGNEY_970,Erigone atra,0.9999812145473655
RMQS_25_EPANNES_1283,Erigone atra,0.9999812145473655
RMQS_25_FONDETTES_946,Erigone atra,0.9999812145473655
RMQS_25_HORPS_557,Erigone atra,0.9999812145473655
RMQS_25_LITZ_199,Erigone atra,0.9999812145473655
RMQS_25_LIVRE-SUR-CHANGEON_612,Erigone atra,0.9999812145473655
RMQS_25_MELLERAY_680,Erigone atra,0.9999812145473655
RMQS_25_NAIZIN_663,Erigone atra,0.9999812145473655
RMQS_25_POMMERAYE_939,Erigone atra,0.9999812145473655
RMQS_25_RAUVILLE-LA-BIGOT_147,Erigone atra,0.9999812145473655
RMQS_25_SAINT-AGNANT-PRES-CROCQ_1421,Erigone atra,0.9999812145473655
RMQS_25_SCEAUX-DU-GATINAIS_688,Erigone atra,0.9999812145473655
RMQS_25_TRIAIZE_1238,Erigone atra,0.9999812145473655
RMQS_25_BAZORDAN_2186,Erigone autumnalis,0.999999911611799
RMQS_25_CHATEAU-L'EVEQUE_1578,Erigone autumnalis,0.999999911611799
RMQS_25_ESPAGNAC_1584,Erigone autumnalis,0.999999911611799
RMQS_25_GEDRE_2269,Erigone autumnalis,0.999999911611799
RMQS_25_PAUILLAC_1571,Erigone autumnalis,0.999999911611799
RMQS_25_SALON-DE-PROVENCE_2079,Erigone autumnalis,0.999999911611799
RMQS_25_AILLEVILLE_640,Erigone dentipalpis,0.9999987695242745
RMQS_25_ALLINGES_1275,Erigone dentipalpis,0.9999987695242745
RMQS_25_AZAY-LE-FERRON_1126,Erigone dentipalpis,0.9999987695242745
RMQS_25_BEAUCHENE_438,Erigone dentipalpis,0.9999987695242745
RMQS_25_BIOL_1517,Erigone dentipalpis,0.9999987695242745
RMQS_25_CANET-DE-SALARS_1882,Erigone dentipalpis,0.9999987695242745
RMQS_25_CHAMBLAC_325,Erigone dentipalpis,0.9999987695242745
RMQS_25_CHAUSSEE-SUR-MARNE_401,Erigone dentipalpis,0.9999987695242745
RMQS_25_CUGNEY_970,Erigone dentipalpis,0.9999987695242745
RMQS_25_DOMPAIRE_647,Erigone dentipalpis,0.9999987695242745
RMQS_25_EBERSHEIM_594,Erigone dentipalpis,0.9999987695242745
RMQS_25_EPANNES_1283,Erigone dentipalpis,0.9999987695242745
RMQS_25_ESPAGNAC_1584,Erigone dentipalpis,0.9999987695242745
RMQS_25_FONDETTES_946,Erigone dentipalpis,0.9999987695242745
RMQS_25_HORPS_557,Erigone dentipalpis,0.9999987695242745
RMQS_25_HOUTAUD_1107,Erigone dentipalpis,0.9999987695242745
RMQS_25_JOUILLAT_1295,Erigone dentipalpis,0.9999987695242745
RMQS_25_LESCOUT_2110,Erigone dentipalpis,0.9999987695242745
RMQS_25_LIVRE-SUR-CHANGEON_612,Erigone dentipalpis,0.9999987695242745
RMQS_25_LUGNY-LES-CHAROLLES_1264,Erigone dentipalpis,0.9999987695242745
RMQS_25_MONT-PRES-CHAMBORD_899,Erigone dentipalpis,0.9999987695242745
RMQS_25_NAIZIN_663,Erigone dentipalpis,0.9999987695242745
RMQS_25_PERREUX_803,Erigone dentipalpis,0.9999987695242745
RMQS_25_POMMERAYE_939,Erigone dentipalpis,0.9999987695242745
RMQS_25_RAUVILLE-LA-BIGOT_147,Erigone dentipalpis,0.9999987695242745
RMQS_25_SAINT-AGNANT-PRES-CROCQ_1421,Erigone dentipalpis,0.9999987695242745
RMQS_25_SCEAUX-DU-GATINAIS_688,Erigone dentipalpis,0.9999987695242745
RMQS_25_TRIAIZE_1238,Erigone dentipalpis,0.9999987695242745
RMQS_25_YGRANDE_1216,Erigone dentipalpis,0.9999987695242745
RMQS_25_AILLEVILLE_640,Hahnia nava,0.9999884099549535
RMQS_25_AVESSAC_831,Hahnia nava,0.9999884099549535
RMQS_25_BIOL_1517,Hahnia nava,0.9999884099549535
RMQS_25_CARSAC-DE-GURSON_1657,Hahnia nava,0.9999884099549535
RMQS_25_CHATRES-SUR-CHER_997,Hahnia nava,0.9999884099549535
RMQS_25_LITZ_199,Hahnia nava,0.9999884099549535
RMQS_25_PAUILLAC_1571,Hahnia nava,0.9999884099549535
RMQS_25_POMMERAYE_939,Hahnia nava,0.9999884099549535
RMQS_25_PRESSAGNY-L'ORGUEILLEUX_277,Hahnia nava,0.9999884099549535
RMQS_25_SAINT-GERMAIN_637,Hahnia nava,0.9999884099549535
RMQS_25_SAINT-GINEIS-EN-COIRON_1764,Hahnia nava,0.9999884099549535
RMQS_25_SCEAUX-DU-GATINAIS_688,Hahnia nava,0.9999884099549535
RMQS_25_YGRANDE_1216,Hahnia nava,0.9999884099549535
RMQS_25_PERREUX_803,Histopona torpida,0.9999999966455884
RMQS_25_RHODES_412,Histopona torpida,0.9999999966455884
RMQS_25_THILLOMBOIS_347,Histopona torpida,0.9999999966455884
RMQS_25_ALLINGES_1275,Mermessus trilobatus,0.9999919376553247
RMQS_25_AVESSAC_831,Mermessus trilobatus,0.9999919376553247
RMQS_25_BESSE_1747,Mermessus trilobatus,0.9999919376553247
RMQS_25_BIOL_1517,Mermessus trilobatus,0.9999919376553247
RMQS_25_CHAMBLAC_325,Mermessus trilobatus,0.9999919376553247
RMQS_25_CHATRES-SUR-CHER_997,Mermessus trilobatus,0.9999919376553247
RMQS_25_ESPAGNAC_1584,Mermessus trilobatus,0.9999919376553247
RMQS_25_FONDETTES_946,Mermessus trilobatus,0.9999919376553247
RMQS_25_GEDRE_2269,Mermessus trilobatus,0.9999919376553247
RMQS_25_HOUTAUD_1107,Mermessus trilobatus,0.9999919376553247
RMQS_25_JOUILLAT_1295,Mermessus trilobatus,0.9999919376553247
RMQS_25_LUGNY-LES-CHAROLLES_1264,Mermessus trilobatus,0.9999919376553247
RMQS_25_POMMERAYE_939,Mermessus trilobatus,0.9999919376553247
RMQS_25_SAINT-GERMAIN_637,Mermessus trilobatus,0.9999919376553247
RMQS_25_TRIAIZE_1238,Mermessus trilobatus,0.9999919376553247
RMQS_25_ALLANCHE_1589,Micaria micans,0.9999866582928819
RMQS_25_BAZORDAN_2186,Micaria micans,0.9999866582928819
RMQS_25_EBERSHEIM_594,Micaria micans,0.9999866582928819
RMQS_25_ESPAGNAC_1584,Micaria micans,0.9999866582928819
RMQS_25_FONDETTES_946,Micaria micans,0.9999866582928819
RMQS_25_JOUILLAT_1295,Micaria micans,0.9999866582928819
RMQS_25_MONT-PRES-CHAMBORD_899,Micaria micans,0.9999866582928819
RMQS_25_PAUILLAC_1571,Micaria micans,0.9999866582928819
RMQS_25_PERREUX_803,Micaria micans,0.9999866582928819
RMQS_25_PRESSAGNY-L'ORGUEILLEUX_277,Micaria micans,0.9999866582928819
RMQS_25_SAINT-GERMAIN_637,Micaria micans,0.9999866582928819
RMQS_25_TRIAIZE_1238,Micaria micans,0.9999866582928819
RMQS_25_AILLEVILLE_640,Microlinyphia pusilla,0.9999996199851567
RMQS_25_POMMERAYE_939,Microlinyphia pusilla,0.9999996199851567
RMQS_25_CASTELLET-LES-SAUSSES_1948,Microneta viaria,0.9999932365999029
RMQS_25_DINGY-SAINT-CLAIR_1399,Microneta viaria,0.9999932365999029
RMQS_25_LAGUIOLE_1756,Microneta viaria,0.9999932365999029
RMQS_25_MALREVERS_1635,Microneta viaria,0.9999932365999029
RMQS_25_MONTPEZAT_2099,Microneta viaria,0.9999932365999029
RMQS_25_SUSVILLE_1685,Microneta viaria,0.9999932365999029
RMQS_25_THARAUX_1890,Microneta viaria,0.9999932365999029
RMQS_25_VOUZIERS_210,Microneta viaria,0.9999932365999029
RMQS_25_ALLANCHE_1589,Minyriolus pusillus,0.9999999986564299
RMQS_25_ARFEUILLES_1345,Minyriolus pusillus,0.9999999986564299
RMQS_25_SAINT-SAUVEUR-SUR-TINEE_1904,Minyriolus pusillus,0.9999999986564299
RMQS_25_AILLEVILLE_640,Oedothorax apicatus,0.9999999788195737
RMQS_25_CANET-DE-SALARS_1882,Oedothorax apicatus,0.9999999788195737
RMQS_25_CARSAC-DE-GURSON_1657,Oedothorax apicatus,0.9999999788195737
RMQS_25_CHAMBLAC_325,Oedothorax apicatus,0.9999999788195737
RMQS_25_CHATRES-SUR-CHER_997,Oedothorax apicatus,0.9999999788195737
RMQS_25_CHAUSSEE-SUR-MARNE_401,Oedothorax apicatus,0.9999999788195737
RMQS_25_CUGNEY_970,Oedothorax apicatus,0.9999999788195737
RMQS_25_DOMPAIRE_647,Oedothorax apicatus,0.9999999788195737
RMQS_25_EBERSHEIM_594,Oedothorax apicatus,0.9999999788195737
RMQS_25_EPANNES_1283,Oedothorax apicatus,0.9999999788195737
RMQS_25_HORPS_557,Oedothorax apicatus,0.9999999788195737
RMQS_25_LESCOUT_2110,Oedothorax apicatus,0.9999999788195737
RMQS_25_LIVRE-SUR-CHANGEON_612,Oedothorax apicatus,0.9999999788195737
RMQS_25_LUGNY-LES-CHAROLLES_1264,Oedothorax apicatus,0.9999999788195737
RMQS_25_MONT-PRES-CHAMBORD_899,Oedothorax apicatus,0.9999999788195737
RMQS_25_NAIZIN_663,Oedothorax apicatus,0.9999999788195737
RMQS_25_PAUILLAC_1571,Oedothorax apicatus,0.9999999788195737
RMQS_25_PERREUX_803,Oedothorax apicatus,0.9999999788195737
RMQS_25_SCEAUX-DU-GATINAIS_688,Oedothorax apicatus,0.9999999788195737
RMQS_25_TRIAIZE_1238,Oedothorax apicatus,0.9999999788195737
RMQS_25_YGRANDE_1216,Oedothorax apicatus,0.9999999788195737
RMQS_25_AVESSAC_831,Oedothorax fuscus,0.9999923831923244
RMQS_25_BEAUCHENE_438,Oedothorax fuscus,0.9999923831923244
RMQS_25_CHAMBLAC_325,Oedothorax fuscus,0.9999923831923244
RMQS_25_EPANNES_1283,Oedothorax fuscus,0.9999923831923244
RMQS_25_FONDETTES_946,Oedothorax fuscus,0.9999923831923244
RMQS_25_HORPS_557,Oedothorax fuscus,0.9999923831923244
RMQS_25_LIVRE-SUR-CHANGEON_612,Oedothorax fuscus,0.9999923831923244
RMQS_25_LUGNY-LES-CHAROLLES_1264,Oedothorax fuscus,0.9999923831923244
RMQS_25_NAIZIN_663,Oedothorax fuscus,0.9999923831923244
RMQS_25_PAUILLAC_1571,Oedothorax fuscus,0.9999923831923244
RMQS_25_POMMERAYE_939,Oedothorax fuscus,0.9999923831923244
RMQS_25_RAUVILLE-LA-BIGOT_147,Oedothorax fuscus,0.9999923831923244
RMQS_25_SAINT-AGNANT-PRES-CROCQ_1421,Oedothorax fuscus,0.9999923831923244
RMQS_25_TRIAIZE_1238,Oedothorax fuscus,0.9999923831923244
RMQS_25_BEAUCHENE_438,Oedothorax gibbosus,0.9999997748812548
RMQS_25_RAUVILLE-LA-BIGOT_147,Oedothorax gibbosus,0.9999997748812548
RMQS_25_SAINT-GINEIS-EN-COIRON_1764,Ozyptila claveata,0.9999999999260833
RMQS_25_SAINT-SAUVEUR-SUR-TINEE_1904,Ozyptila claveata,0.9999999999260833
RMQS_25_LITZ_199,Ozyptila simplex,0.9999999986516741
RMQS_25_NAIZIN_663,Ozyptila simplex,0.9999999986516741
RMQS_25_OUESSANT_418,Ozyptila simplex,0.9999999986516741
RMQS_25_PERREUX_803,Ozyptila simplex,0.9999999986516741
RMQS_25_AILLEVILLE_640,Pachygnatha degeeri,0.9999905232677764
RMQS_25_ALLINGES_1275,Pachygnatha degeeri,0.9999905232677764
RMQS_25_AVESSAC_831,Pachygnatha degeeri,0.9999905232677764
RMQS_25_BAZORDAN_2186,Pachygnatha degeeri,0.9999905232677764
RMQS_25_BEAUCHENE_438,Pachygnatha degeeri,0.9999905232677764
RMQS_25_BESSE_1747,Pachygnatha degeeri,0.9999905232677764
RMQS_25_BIOL_1517,Pachygnatha degeeri,0.9999905232677764
RMQS_25_CARSAC-DE-GURSON_1657,Pachygnatha degeeri,0.9999905232677764
RMQS_25_CHAMBLAC_325,Pachygnatha degeeri,0.9999905232677764
RMQS_25_CHATEAU-L'EVEQUE_1578,Pachygnatha degeeri,0.9999905232677764
RMQS_25_CHATRES-SUR-CHER_997,Pachygnatha degeeri,0.9999905232677764
RMQS_25_CUGNEY_970,Pachygnatha degeeri,0.9999905232677764
RMQS_25_ESPAGNAC_1584,Pachygnatha degeeri,0.9999905232677764
RMQS_25_FONDETTES_946,Pachygnatha degeeri,0.9999905232677764
RMQS_25_GAREIN_1911,Pachygnatha degeeri,0.9999905232677764
RMQS_25_HORPS_557,Pachygnatha degeeri,0.9999905232677764
RMQS_25_HOUTAUD_1107,Pachygnatha degeeri,0.9999905232677764
RMQS_25_JOUILLAT_1295,Pachygnatha degeeri,0.9999905232677764
RMQS_25_LUGNY-LES-CHAROLLES_1264,Pachygnatha degeeri,0.9999905232677764
RMQS_25_NAIZIN_663,Pachygnatha degeeri,0.9999905232677764
RMQS_25_OUESSANT_418,Pachygnatha degeeri,0.9999905232677764
RMQS_25_PAUILLAC_1571,Pachygnatha degeeri,0.9999905232677764
RMQS_25_PERREUX_803,Pachygnatha degeeri,0.9999905232677764
RMQS_25_POMMERAYE_939,Pachygnatha degeeri,0.9999905232677764
RMQS_25_PRESSAGNY-L'ORGUEILLEUX_277,Pachygnatha degeeri,0.9999905232677764
RMQS_25_RAUVILLE-LA-BIGOT_147,Pachygnatha degeeri,0.9999905232677764
RMQS_25_SAINT-AGNANT-PRES-CROCQ_1421,Pachygnatha degeeri,0.9999905232677764
RMQS_25_SAINT-GERMAIN_637,Pachygnatha degeeri,0.9999905232677764
RMQS_25_SCEAUX-DU-GATINAIS_688,Pachygnatha degeeri,0.9999905232677764
RMQS_25_TRIAIZE_1238,Pachygnatha degeeri,0.9999905232677764
RMQS_25_YGRANDE_1216,Pachygnatha degeeri,0.9999905232677764
RMQS_25_ALLANCHE_1589,Palliduphantes alutacius,0.9999998152760204
RMQS_25_CASTANET_1878,Palliduphantes alutacius,0.9999998152760204
RMQS_25_SANGUINET_1778,Palliduphantes alutacius,0.9999998152760204
RMQS_25_BETTEVILLE_153,Palliduphantes pallidus,0.9999608037006249
RMQS_25_CLEMONT_903,Palliduphantes pallidus,0.9999608037006249
RMQS_25_SUSVILLE_1685,Palliduphantes pallidus,0.9999608037006249
RMQS_25_CHATEAU-L'EVEQUE_1578,Panamomops sulcifrons,0.9999993028658497
RMQS_25_PRESSAGNY-L'ORGUEILLEUX_277,Panamomops sulcifrons,0.9999993028658497
RMQS_25_SAINT-AGNANT-PRES-CROCQ_1421,Panamomops sulcifrons,0.9999993028658497
RMQS_25_SAINT-GERMAIN_637,Panamomops sulcifrons,0.9999993028658497
RMQS_25_ALLINGES_1275,Pardosa amentata,0.9999999999534233
RMQS_25_BETTEVILLE_153,Pardosa amentata,0.9999999999534233
RMQS_25_ESPAGNAC_1584,Pardosa amentata,0.9999999999534233
RMQS_25_JOUILLAT_1295,Pardosa amentata,0.9999999999534233
RMQS_25_RAUVILLE-LA-BIGOT_147,Pardosa amentata,0.9999999999534233
RMQS_25_AILLEVILLE_640,Pardosa hortensis,0.9999994036210111
RMQS_25_ALLANCHE_1589,Pardosa hortensis,0.9999994036210111
RMQS_25_ALLINGES_1275,Pardosa hortensis,0.9999994036210111
RMQS_25_BESSE_1747,Pardosa hortensis,0.9999994036210111
RMQS_25_CANET-DE-SALARS_1882,Pardosa hortensis,0.9999994036210111
RMQS_25_CARSAC-DE-GURSON_1657,Pardosa hortensis,0.9999994036210111
RMQS_25_CASTANET_1878,Pardosa hortensis,0.9999994036210111
RMQS_25_CHATRES-SUR-CHER_997,Pardosa hortensis,0.9999994036210111
RMQS_25_CUGNEY_970,Pardosa hortensis,0.9999994036210111
RMQS_25_ESPAGNAC_1584,Pardosa hortensis,0.9999994036210111
RMQS_25_JOUILLAT_1295,Pardosa hortensis,0.9999994036210111
RMQS_25_LESCOUT_2110,Pardosa hortensis,0.9999994036210111
RMQS_25_MONT-PRES-CHAMBORD_899,Pardosa hortensis,0.9999994036210111
RMQS_25_PERREUX_803,Pardosa hortensis,0.9999994036210111
RMQS_25_POMMERAYE_939,Pardosa hortensis,0.9999994036210111
RMQS_25_PRESSAGNY-L'ORGUEILLEUX_277,Pardosa hortensis,0.9999994036210111
RMQS_25_SAINT-AGNANT-PRES-CROCQ_1421,Pardosa hortensis,0.9999994036210111
RMQS_25_SAINT-GINEIS-EN-COIRON_1764,Pardosa hortensis,0.9999994036210111
RMQS_25_SANGUINET_1778,Pardosa hortensis,0.9999994036210111
RMQS_25_SCEAUX-DU-GATINAIS_688,Pardosa hortensis,0.9999994036210111
RMQS_25_ALLANCHE_1589,Pardosa lugubris,0.9999971998693283
RMQS_25_THILLOMBOIS_347,Pardosa lugubris,0.9999971998693283
RMQS_25_ESPAGNAC_1584,Pardosa monticola,0.9999999926898357
RMQS_25_GEDRE_2269,Pardosa monticola,0.9999999926898357
RMQS_25_AVESSAC_831,Pardosa nigriceps,0.9999998907528822
RMQS_25_CHATRES-SUR-CHER_997,Pardosa nigriceps,0.9999998907528822
RMQS_25_ESPAGNAC_1584,Pardosa nigriceps,0.9999998907528822
RMQS_25_GAREIN_1911,Pardosa nigriceps,0.9999998907528822
RMQS_25_MONT-PRES-CHAMBORD_899,Pardosa nigriceps,0.9999998907528822
RMQS_25_OUESSANT_418,Pardosa nigriceps,0.9999998907528822
RMQS_25_PRESSAGNY-L'ORGUEILLEUX_277,Pardosa nigriceps,0.9999998907528822
RMQS_25_AVESSAC_831,Pardosa paludicola,0.9999838710216684
RMQS_25_BAZORDAN_2186,Pardosa paludicola,0.9999838710216684
RMQS_25_BESSE_1747,Pardosa paludicola,0.9999838710216684
RMQS_25_BIOL_1517,Pardosa paludicola,0.9999838710216684
RMQS_25_CHATEAU-L'EVEQUE_1578,Pardosa paludicola,0.9999838710216684
RMQS_25_CHATRES-SUR-CHER_997,Pardosa paludicola,0.9999838710216684
RMQS_25_SAINT-AGNANT-PRES-CROCQ_1421,Pardosa paludicola,0.9999838710216684
RMQS_25_YGRANDE_1216,Pardosa paludicola,0.9999838710216684
RMQS_25_ALLINGES_1275,Pardosa palustris,0.9999999849884489
RMQS_25_BEAUCHENE_438,Pardosa palustris,0.9999999849884489
RMQS_25_BIOL_1517,Pardosa palustris,0.9999999849884489
RMQS_25_CANET-DE-SALARS_1882,Pardosa palustris,0.9999999849884489
RMQS_25_CUGNEY_970,Pardosa palustris,0.9999999849884489
RMQS_25_DOMPAIRE_647,Pardosa palustris,0.9999999849884489
RMQS_25_ESPAGNAC_1584,Pardosa palustris,0.9999999849884489
RMQS_25_HORPS_557,Pardosa palustris,0.9999999849884489
RMQS_25_HOUTAUD_1107,Pardosa palustris,0.9999999849884489
RMQS_25_JOUILLAT_1295,Pardosa palustris,0.9999999849884489
RMQS_25_LITZ_199,Pardosa palustris,0.9999999849884489
RMQS_25_LUGNY-LES-CHAROLLES_1264,Pardosa palustris,0.9999999849884489
RMQS_25_NAIZIN_663,Pardosa palustris,0.9999999849884489
RMQS_25_PRESSAGNY-L'ORGUEILLEUX_277,Pardosa palustris,0.9999999849884489
RMQS_25_RAUVILLE-LA-BIGOT_147,Pardosa palustris,0.9999999849884489
RMQS_25_SAINT-AGNANT-PRES-CROCQ_1421,Pardosa palustris,0.9999999849884489
RMQS_25_AILLEVILLE_640,Pardosa prativaga,0.999989593257001
RMQS_25_AVESSAC_831,Pardosa prativaga,0.999989593257001
RMQS_25_BAZORDAN_2186,Pardosa prativaga,0.999989593257001
RMQS_25_CHATRES-SUR-CHER_997,Pardosa prativaga,0.999989593257001
RMQS_25_CUGNEY_970,Pardosa prativaga,0.999989593257001
RMQS_25_FONDETTES_946,Pardosa prativaga,0.999989593257001
RMQS_25_JOUILLAT_1295,Pardosa prativaga,0.999989593257001
RMQS_25_LITZ_199,Pardosa prativaga,0.999989593257001
RMQS_25_NAIZIN_663,Pardosa prativaga,0.999989593257001
RMQS_25_PAUILLAC_1571,Pardosa prativaga,0.999989593257001
RMQS_25_PERREUX_803,Pardosa prativaga,0.999989593257001
RMQS_25_PRESSAGNY-L'ORGUEILLEUX_277,Pardosa prativaga,0.999989593257001
RMQS_25_RAUVILLE-LA-BIGOT_147,Pardosa prativaga,0.999989593257001
RMQS_25_SAINT-AGNANT-PRES-CROCQ_1421,Pardosa prativaga,0.999989593257001
RMQS_25_SAINT-GERMAIN_637,Pardosa prativaga,0.999989593257001
RMQS_25_SCEAUX-DU-GATINAIS_688,Pardosa prativaga,0.999989593257001
RMQS_25_AILLEVILLE_640,Pardosa proxima,0.9999998282992595
RMQS_25_ALLINGES_1275,Pardosa proxima,0.9999998282992595
RMQS_25_AVESSAC_831,Pardosa proxima,0.9999998282992595
RMQS_25_BAZORDAN_2186,Pardosa proxima,0.9999998282992595
RMQS_25_BEAUCHENE_438,Pardosa proxima,0.9999998282992595
RMQS_25_BESSE_1747,Pardosa proxima,0.9999998282992595
RMQS_25_BIOL_1517,Pardosa proxima,0.9999998282992595
RMQS_25_CARSAC-DE-GURSON_1657,Pardosa proxima,0.9999998282992595
RMQS_25_CHATEAU-L'EVEQUE_1578,Pardosa proxima,0.9999998282992595
RMQS_25_CHATRES-SUR-CHER_997,Pardosa proxima,0.9999998282992595
RMQS_25_CUGNEY_970,Pardosa proxima,0.9999998282992595
RMQS_25_EPANNES_1283,Pardosa proxima,0.9999998282992595
RMQS_25_ESPAGNAC_1584,Pardosa proxima,0.9999998282992595
RMQS_25_FONDETTES_946,Pardosa proxima,0.9999998282992595
RMQS_25_HORPS_557,Pardosa proxima,0.9999998282992595
RMQS_25_JOUILLAT_1295,Pardosa proxima,0.9999998282992595
RMQS_25_LESCOUT_2110,Pardosa proxima,0.9999998282992595
RMQS_25_LIVRE-SUR-CHANGEON_612,Pardosa proxima,0.9999998282992595
RMQS_25_LUGNY-LES-CHAROLLES_1264,Pardosa proxima,0.9999998282992595
RMQS_25_MONT-PRES-CHAMBORD_899,Pardosa proxima,0.9999998282992595
RMQS_25_POMMERAYE_939,Pardosa proxima,0.9999998282992595
RMQS_25_PRESSAGNY-L'ORGUEILLEUX_277,Pardosa proxima,0.9999998282992595
RMQS_25_RAUVILLE-LA-BIGOT_147,Pardosa proxima,0.9999998282992595
RMQS_25_SAINT-AGNANT-PRES-CROCQ_1421,Pardosa proxima,0.9999998282992595
RMQS_25_SAINT-GERMAIN_637,Pardosa proxima,0.9999998282992595
RMQS_25_TRIAIZE_1238,Pardosa proxima,0.9999998282992595
RMQS_25_YGRANDE_1216,Pardosa proxima,0.9999998282992595
RMQS_25_ALLANCHE_1589,Pardosa pullata,0.9999997042342494
RMQS_25_ALLINGES_1275,Pardosa pullata,0.9999997042342494
RMQS_25_ARFEUILLES_1345,Pardosa pullata,0.9999997042342494
RMQS_25_AVESSAC_831,Pardosa pullata,0.9999997042342494
RMQS_25_AZAY-LE-FERRON_1126,Pardosa pullata,0.9999997042342494
RMQS_25_BAZORDAN_2186,Pardosa pullata,0.9999997042342494
RMQS_25_BEAUCHENE_438,Pardosa pullata,0.9999997042342494
RMQS_25_BESSE_1747,Pardosa pullata,0.9999997042342494
RMQS_25_BIOL_1517,Pardosa pullata,0.9999997042342494
RMQS_25_CANET-DE-SALARS_1882,Pardosa pullata,0.9999997042342494
RMQS_25_CHATEAU-L'EVEQUE_1578,Pardosa pullata,0.9999997042342494
RMQS_25_CHATRES-SUR-CHER_997,Pardosa pullata,0.9999997042342494
RMQS_25_ESPAGNAC_1584,Pardosa pullata,0.9999997042342494
RMQS_25_GEDRE_2269,Pardosa pullata,0.9999997042342494
RMQS_25_HORPS_557,Pardosa pullata,0.9999997042342494
RMQS_25_HOUTAUD_1107,Pardosa pullata,0.9999997042342494
RMQS_25_JOUILLAT_1295,Pardosa pullata,0.9999997042342494
RMQS_25_NAIZIN_663,Pardosa pullata,0.9999997042342494
RMQS_25_PRESSAGNY-L'ORGUEILLEUX_277,Pardosa pullata,0.9999997042342494
RMQS_25_RAUVILLE-LA-BIGOT_147,Pardosa pullata,0.9999997042342494
RMQS_25_SAINT-AGNANT-PRES-CROCQ_1421,Pardosa pullata,0.9999997042342494
RMQS_25_SAINT-GERMAIN_637,Pardosa pullata,0.9999997042342494
RMQS_25_YGRANDE_1216,Pardosa pullata,0.9999997042342494
RMQS_25_ALLANCHE_1589,Pardosa saltans,0.9999979037249206
RMQS_25_ARFEUILLES_1345,Pardosa saltans,0.9999979037249206
RMQS_25_AZAY-LE-FERRON_1126,Pardosa saltans,0.9999979037249206
RMQS_25_BETTEVILLE_153,Pardosa saltans,0.9999979037249206
RMQS_25_CASTANET_1878,Pardosa saltans,0.9999979037249206
RMQS_25_CLEMONT_903,Pardosa saltans,0.9999979037249206
RMQS_25_DINGY-SAINT-CLAIR_1399,Pardosa saltans,0.9999979037249206
RMQS_25_GAREIN_1911,Pardosa saltans,0.9999979037249206
RMQS_25_MALREVERS_1635,Pardosa saltans,0.9999979037249206
RMQS_25_MONTPEZAT_2099,Pardosa saltans,0.9999979037249206
RMQS_25_PERREUX_803,Pardosa saltans,0.9999979037249206
RMQS_25_PRESSAGNY-L'ORGUEILLEUX_277,Pardosa saltans,0.9999979037249206
RMQS_25_SAINT-SAUVEUR-SUR-TINEE_1904,Pardosa saltans,0.9999979037249206
RMQS_25_SANGUINET_1778,Pardosa saltans,0.9999979037249206
RMQS_25_SCEAUX-DU-GATINAIS_688,Pardosa saltans,0.9999979037249206
RMQS_25_THILLOMBOIS_347,Pardosa saltans,0.9999979037249206
RMQS_25_VOUZIERS_210,Pardosa saltans,0.9999979037249206
RMQS_25_YGRANDE_1216,Pardosa saltans,0.9999979037249206
RMQS_25_AILLEVILLE_640,Pardosa tenuipes,0.9999997282374516
RMQS_25_ALLINGES_1275,Pardosa tenuipes,0.9999997282374516
RMQS_25_AVESSAC_831,Pardosa tenuipes,0.9999997282374516
RMQS_25_AZAY-LE-FERRON_1126,Pardosa tenuipes,0.9999997282374516
RMQS_25_BAZORDAN_2186,Pardosa tenuipes,0.9999997282374516
RMQS_25_BEAUCHENE_438,Pardosa tenuipes,0.9999997282374516
RMQS_25_BIOL_1517,Pardosa tenuipes,0.9999997282374516
RMQS_25_CANET-DE-SALARS_1882,Pardosa tenuipes,0.9999997282374516
RMQS_25_CARSAC-DE-GURSON_1657,Pardosa tenuipes,0.9999997282374516
RMQS_25_CHATEAU-L'EVEQUE_1578,Pardosa tenuipes,0.9999997282374516
RMQS_25_CHATRES-SUR-CHER_997,Pardosa tenuipes,0.9999997282374516
RMQS_25_CUGNEY_970,Pardosa tenuipes,0.9999997282374516
RMQS_25_EPANNES_1283,Pardosa tenuipes,0.9999997282374516
RMQS_25_ESPAGNAC_1584,Pardosa tenuipes,0.9999997282374516
RMQS_25_FONDETTES_946,Pardosa tenuipes,0.9999997282374516
RMQS_25_HORPS_557,Pardosa tenuipes,0.9999997282374516
RMQS_25_JOUILLAT_1295,Pardosa tenuipes,0.9999997282374516
RMQS_25_LESCOUT_2110,Pardosa tenuipes,0.9999997282374516
RMQS_25_LIVRE-SUR-CHANGEON_612,Pardosa tenuipes,0.9999997282374516
RMQS_25_LUGNY-LES-CHAROLLES_1264,Pardosa tenuipes,0.9999997282374516
RMQS_25_MONT-PRES-CHAMBORD_899,Pardosa tenuipes,0.9999997282374516
RMQS_25_NAIZIN_663,Pardosa tenuipes,0.9999997282374516
RMQS_25_PAUILLAC_1571,Pardosa tenuipes,0.9999997282374516
RMQS_25_POMMERAYE_939,Pardosa tenuipes,0.9999997282374516
RMQS_25_PRESSAGNY-L'ORGUEILLEUX_277,Pardosa tenuipes,0.9999997282374516
RMQS_25_RAUVILLE-LA-BIGOT_147,Pardosa tenuipes,0.9999997282374516
RMQS_25_SAINT-AGNANT-PRES-CROCQ_1421,Pardosa tenuipes,0.9999997282374516
RMQS_25_SALON-DE-PROVENCE_2079,Pardosa tenuipes,0.9999997282374516
RMQS_25_TRIAIZE_1238,Pardosa tenuipes,0.9999997282374516
RMQS_25_YGRANDE_1216,Pardosa tenuipes,0.9999997282374516
RMQS_25_AVESSAC_831,Pelecopsis parallela,0.9999966484040232
RMQS_25_BAZORDAN_2186,Pelecopsis parallela,0.9999966484040232
RMQS_25_BESSE_1747,Pelecopsis parallela,0.9999966484040232
RMQS_25_BIOL_1517,Pelecopsis parallela,0.9999966484040232
RMQS_25_CHATEAU-L'EVEQUE_1578,Pelecopsis parallela,0.9999966484040232
RMQS_25_CHATRES-SUR-CHER_997,Pelecopsis parallela,0.9999966484040232
RMQS_25_EPANNES_1283,Pelecopsis parallela,0.9999966484040232
RMQS_25_ESPAGNAC_1584,Pelecopsis parallela,0.9999966484040232
RMQS_25_HORPS_557,Pelecopsis parallela,0.9999966484040232
RMQS_25_HOUTAUD_1107,Pelecopsis parallela,0.9999966484040232
RMQS_25_JOUILLAT_1295,Pelecopsis parallela,0.9999966484040232
RMQS_25_LUGNY-LES-CHAROLLES_1264,Pelecopsis parallela,0.9999966484040232
RMQS_25_MONT-PRES-CHAMBORD_899,Pelecopsis parallela,0.9999966484040232
RMQS_25_POMMERAYE_939,Pelecopsis parallela,0.9999966484040232
RMQS_25_SAINT-AGNANT-PRES-CROCQ_1421,Pelecopsis parallela,0.9999966484040232
RMQS_25_YGRANDE_1216,Pelecopsis parallela,0.9999966484040232
RMQS_25_BAZORDAN_2186,Phrurolithus minimus,0.9999999926898357
RMQS_25_GEDRE_2269,Phrurolithus minimus,0.9999999926898357
RMQS_25_SAINT-GINEIS-EN-COIRON_1764,Phrurolithus nigrinus,0.9999999999999345
RMQS_25_SAINT-SAUVEUR-SUR-TINEE_1904,Phrurolithus nigrinus,0.9999999999999345
RMQS_25_ARFEUILLES_1345,Piratula hygrophila,0.9999999991398587
RMQS_25_RHODES_412,Piratula hygrophila,0.9999999991398587
RMQS_25_SAINT-AGNANT-PRES-CROCQ_1421,Piratula hygrophila,0.9999999991398587
RMQS_25_VOUZIERS_210,Piratula hygrophila,0.9999999991398587
RMQS_25_ARFEUILLES_1345,Piratula latitans,0.9999999986934651
RMQS_25_NAIZIN_663,Piratula latitans,0.9999999986934651
RMQS_25_PAUILLAC_1571,Piratula latitans,0.9999999986934651
RMQS_25_SAINT-AGNANT-PRES-CROCQ_1421,Piratula latitans,0.9999999986934651
RMQS_25_ALLANCHE_1589,Pisaura mirabilis,0.9999869969752736
RMQS_25_GEDRE_2269,Pisaura mirabilis,0.9999869969752736
RMQS_25_PERREUX_803,Pisaura mirabilis,0.9999869969752736
RMQS_25_ROCBARON_2172,Pisaura mirabilis,0.9999869969752736
RMQS_25_SANGUINET_1778,Pisaura mirabilis,0.9999869969752736
RMQS_25_ARFEUILLES_1345,Pocadicnemis juncea,0.9999999262349396
RMQS_25_GAREIN_1911,Pocadicnemis juncea,0.9999999262349396
RMQS_25_OUESSANT_418,Pocadicnemis juncea,0.9999999262349396
RMQS_25_PRESSAGNY-L'ORGUEILLEUX_277,Pocadicnemis juncea,0.9999999262349396
RMQS_25_BAZORDAN_2186,Porrhomma microphthalmum,0.9999977744184697
RMQS_25_CHAMBLAC_325,Porrhomma microphthalmum,0.9999977744184697
RMQS_25_CHAUSSEE-SUR-MARNE_401,Porrhomma microphthalmum,0.9999977744184697
RMQS_25_CUGNEY_970,Porrhomma microphthalmum,0.9999977744184697
RMQS_25_DOMPAIRE_647,Porrhomma microphthalmum,0.9999977744184697
RMQS_25_EPANNES_1283,Porrhomma microphthalmum,0.9999977744184697
RMQS_25_GAS_509,Porrhomma microphthalmum,0.9999977744184697
RMQS_25_HORPS_557,Porrhomma microphthalmum,0.9999977744184697
RMQS_25_NAIZIN_663,Porrhomma microphthalmum,0.9999977744184697
RMQS_25_PAUILLAC_1571,Porrhomma microphthalmum,0.9999977744184697
RMQS_25_TRIAIZE_1238,Porrhomma microphthalmum,0.9999977744184697
RMQS_25_ALLINGES_1275,Prinerigone vagans,0.9999808536155784
RMQS_25_CARSAC-DE-GURSON_1657,Prinerigone vagans,0.9999808536155784
RMQS_25_CHATRES-SUR-CHER_997,Prinerigone vagans,0.9999808536155784
RMQS_25_LUGNY-LES-CHAROLLES_1264,Prinerigone vagans,0.9999808536155784
RMQS_25_MONT-PRES-CHAMBORD_899,Prinerigone vagans,0.9999808536155784
RMQS_25_MONTPEZAT_2099,Prinerigone vagans,0.9999808536155784
RMQS_25_NAIZIN_663,Prinerigone vagans,0.9999808536155784
RMQS_25_PAUILLAC_1571,Prinerigone vagans,0.9999808536155784
RMQS_25_POMMERAYE_939,Prinerigone vagans,0.9999808536155784
RMQS_25_TRIAIZE_1238,Prinerigone vagans,0.9999808536155784
RMQS_25_YGRANDE_1216,Prinerigone vagans,0.9999808536155784
RMQS_25_AILLEVILLE_640,Robertus arundineti,0.9999938427424909
RMQS_25_CARSAC-DE-GURSON_1657,Robertus arundineti,0.9999938427424909
RMQS_25_CHAMBLAC_325,Robertus arundineti,0.9999938427424909
RMQS_25_CUGNEY_970,Robertus arundineti,0.9999938427424909
RMQS_25_GAS_509,Robertus arundineti,0.9999938427424909
RMQS_25_LESCOUT_2110,Robertus arundineti,0.9999938427424909
RMQS_25_LIVRE-SUR-CHANGEON_612,Robertus arundineti,0.9999938427424909
RMQS_25_LUGNY-LES-CHAROLLES_1264,Robertus arundineti,0.9999938427424909
RMQS_25_MELLERAY_680,Robertus arundineti,0.9999938427424909
RMQS_25_NAIZIN_663,Robertus arundineti,0.9999938427424909
RMQS_25_PERREUX_803,Robertus arundineti,0.9999938427424909
RMQS_25_SCEAUX-DU-GATINAIS_688,Robertus arundineti,0.9999938427424909
RMQS_25_BEAUCHENE_438,Savignia frontata,0.9999999981333771
RMQS_25_RAUVILLE-LA-BIGOT_147,Savignia frontata,0.9999999981333771
RMQS_25_AILLEVILLE_640,Scotina palliardii,0.9999999969323818
RMQS_25_DINGY-SAINT-CLAIR_1399,Scotina palliardii,0.9999999969323818
RMQS_25_AILLEVILLE_640,Stemonyphantes lineatus,0.9999998688152806
RMQS_25_HORPS_557,Stemonyphantes lineatus,0.9999998688152806
RMQS_25_BEAUCHENE_438,Tapinocyba praecox,0.9999999942837219
RMQS_25_CHATRES-SUR-CHER_997,Tapinocyba praecox,0.9999999942837219
RMQS_25_ALLANCHE_1589,Tenuiphantes flavipes,0.9999915536995648
RMQS_25_BETTEVILLE_153,Tenuiphantes flavipes,0.9999915536995648
RMQS_25_CASTANET_1878,Tenuiphantes flavipes,0.9999915536995648
RMQS_25_DINGY-SAINT-CLAIR_1399,Tenuiphantes flavipes,0.9999915536995648
RMQS_25_MALREVERS_1635,Tenuiphantes flavipes,0.9999915536995648
RMQS_25_MONTPEZAT_2099,Tenuiphantes flavipes,0.9999915536995648
RMQS_25_RHODES_412,Tenuiphantes flavipes,0.9999915536995648
RMQS_25_SAINT-SAUVEUR-SUR-TINEE_1904,Tenuiphantes flavipes,0.9999915536995648
RMQS_25_VOUZIERS_210,Tenuiphantes flavipes,0.9999915536995648
RMQS_25_SAINT-SAUVEUR-SUR-TINEE_1904,Theonina cornix,0.999997571356099
RMQS_25_SANGUINET_1778,Theonina cornix,0.999997571356099
RMQS_25_ALLINGES_1275,Tiso vagans,0.9999979196457176
RMQS_25_BEAUCHENE_438,Tiso vagans,0.9999979196457176
RMQS_25_BETTEVILLE_153,Tiso vagans,0.9999979196457176
RMQS_25_CANET-DE-SALARS_1882,Tiso vagans,0.9999979196457176
RMQS_25_CARSAC-DE-GURSON_1657,Tiso vagans,0.9999979196457176
RMQS_25_CHAMBLAC_325,Tiso vagans,0.9999979196457176
RMQS_25_ESPAGNAC_1584,Tiso vagans,0.9999979196457176
RMQS_25_GAS_509,Tiso vagans,0.9999979196457176
RMQS_25_GEDRE_2269,Tiso vagans,0.9999979196457176
RMQS_25_HOUTAUD_1107,Tiso vagans,0.9999979196457176
RMQS_25_JOUILLAT_1295,Tiso vagans,0.9999979196457176
RMQS_25_RAUVILLE-LA-BIGOT_147,Tiso vagans,0.9999979196457176
RMQS_25_SAINT-AGNANT-PRES-CROCQ_1421,Tiso vagans,0.9999979196457176
RMQS_25_ALLANCHE_1589,Trachyzelotes pedestris,0.9999998059762757
RMQS_25_EBERSHEIM_594,Trachyzelotes pedestris,0.9999998059762757
RMQS_25_NAIZIN_663,Trachyzelotes pedestris,0.9999998059762757
RMQS_25_PRESSAGNY-L'ORGUEILLEUX_277,Trachyzelotes pedestris,0.9999998059762757
RMQS_25_SAINT-SAUVEUR-SUR-TINEE_1904,Trachyzelotes pedestris,0.9999998059762757
RMQS_25_AILLEVILLE_640,Trochosa robusta,0.9999999985685919
RMQS_25_BESSE_1747,Trochosa robusta,0.9999999985685919
RMQS_25_CARSAC-DE-GURSON_1657,Trochosa robusta,0.9999999985685919
RMQS_25_LESCOUT_2110,Trochosa robusta,0.9999999985685919
RMQS_25_POMMERAYE_939,Trochosa robusta,0.9999999985685919
RMQS_25_TRIAIZE_1238,Trochosa robusta,0.9999999985685919
RMQS_25_AILLEVILLE_640,Trochosa ruricola,0.9999941547429804
RMQS_25_ALLINGES_1275,Trochosa ruricola,0.9999941547429804
RMQS_25_AVESSAC_831,Trochosa ruricola,0.9999941547429804
RMQS_25_BAZORDAN_2186,Trochosa ruricola,0.9999941547429804
RMQS_25_BEAUCHENE_438,Trochosa ruricola,0.9999941547429804
RMQS_25_BESSE_1747,Trochosa ruricola,0.9999941547429804
RMQS_25_BIOL_1517,Trochosa ruricola,0.9999941547429804
RMQS_25_CANET-DE-SALARS_1882,Trochosa ruricola,0.9999941547429804
RMQS_25_CHAMBLAC_325,Trochosa ruricola,0.9999941547429804
RMQS_25_CUGNEY_970,Trochosa ruricola,0.9999941547429804
RMQS_25_EBERSHEIM_594,Trochosa ruricola,0.9999941547429804
RMQS_25_GAS_509,Trochosa ruricola,0.9999941547429804
RMQS_25_HORPS_557,Trochosa ruricola,0.9999941547429804
RMQS_25_HOUTAUD_1107,Trochosa ruricola,0.9999941547429804
RMQS_25_JOUILLAT_1295,Trochosa ruricola,0.9999941547429804
RMQS_25_LITZ_199,Trochosa ruricola,0.9999941547429804
RMQS_25_LIVRE-SUR-CHANGEON_612,Trochosa ruricola,0.9999941547429804
RMQS_25_LUGNY-LES-CHAROLLES_1264,Trochosa ruricola,0.9999941547429804
RMQS_25_MELLERAY_680,Trochosa ruricola,0.9999941547429804
RMQS_25_MONT-PRES-CHAMBORD_899,Trochosa ruricola,0.9999941547429804
RMQS_25_NAIZIN_663,Trochosa ruricola,0.9999941547429804
RMQS_25_PERREUX_803,Trochosa ruricola,0.9999941547429804
RMQS_25_POMMERAYE_939,Trochosa ruricola,0.9999941547429804
RMQS_25_SAINT-AGNANT-PRES-CROCQ_1421,Trochosa ruricola,0.9999941547429804
RMQS_25_SAINT-GERMAIN_637,Trochosa ruricola,0.9999941547429804
RMQS_25_YGRANDE_1216,Trochosa ruricola,0.9999941547429804
RMQS_25_ALLINGES_1275,Trochosa terricola,0.9999990711863922
RMQS_25_ARFEUILLES_1345,Trochosa terricola,0.9999990711863922
RMQS_25_AVESSAC_831,Trochosa terricola,0.9999990711863922
RMQS_25_AZAY-LE-FERRON_1126,Trochosa terricola,0.9999990711863922
RMQS_25_BAZORDAN_2186,Trochosa terricola,0.9999990711863922
RMQS_25_BEAUCHENE_438,Trochosa terricola,0.9999990711863922
RMQS_25_BESSE_1747,Trochosa terricola,0.9999990711863922
RMQS_25_CASTANET_1878,Trochosa terricola,0.9999990711863922
RMQS_25_CHATEAU-L'EVEQUE_1578,Trochosa terricola,0.9999990711863922
RMQS_25_CHATRES-SUR-CHER_997,Trochosa terricola,0.9999990711863922
RMQS_25_FONDETTES_946,Trochosa terricola,0.9999990711863922
RMQS_25_GAS_509,Trochosa terricola,0.9999990711863922
RMQS_25_HORPS_557,Trochosa terricola,0.9999990711863922
RMQS_25_JOUILLAT_1295,Trochosa terricola,0.9999990711863922
RMQS_25_LAGUIOLE_1756,Trochosa terricola,0.9999990711863922
RMQS_25_LIVRE-SUR-CHANGEON_612,Trochosa terricola,0.9999990711863922
RMQS_25_MALREVERS_1635,Trochosa terricola,0.9999990711863922
RMQS_25_MONTPEZAT_2099,Trochosa terricola,0.9999990711863922
RMQS_25_PERREUX_803,Trochosa terricola,0.9999990711863922
RMQS_25_PRESSAGNY-L'ORGUEILLEUX_277,Trochosa terricola,0.9999990711863922
RMQS_25_SAINT-AGNANT-PRES-CROCQ_1421,Trochosa terricola,0.9999990711863922
RMQS_25_SAINT-GERMAIN_637,Trochosa terricola,0.9999990711863922
RMQS_25_SANGUINET_1778,Trochosa terricola,0.9999990711863922
RMQS_25_YGRANDE_1216,Trochosa terricola,0.9999990711863922
RMQS_25_ALLANCHE_1589,Walckenaeria acuminata,0.9999999063684734
RMQS_25_BETTEVILLE_153,Walckenaeria acuminata,0.9999999063684734
RMQS_25_MALREVERS_1635,Walckenaeria acuminata,0.9999999063684734
RMQS_25_PERREUX_803,Walckenaeria acuminata,0.9999999063684734
RMQS_25_PRESSAGNY-L'ORGUEILLEUX_277,Walckenaeria acuminata,0.9999999063684734
RMQS_25_SANGUINET_1778,Walckenaeria acuminata,0.9999999063684734
RMQS_25_MONTPEZAT_2099,Walckenaeria antica,0.9999999999869409
RMQS_25_RHODES_412,Walckenaeria antica,0.9999999999869409
RMQS_25_SAINT-GERMAIN_637,Walckenaeria antica,0.9999999999869409
RMQS_25_ALLANCHE_1589,Walckenaeria atrotibialis,0.9999921277682516
RMQS_25_ARFEUILLES_1345,Walckenaeria atrotibialis,0.9999921277682516
RMQS_25_DINGY-SAINT-CLAIR_1399,Walckenaeria atrotibialis,0.9999921277682516
RMQS_25_EBERSHEIM_594,Walckenaeria atrotibialis,0.9999921277682516
RMQS_25_THILLOMBOIS_347,Walckenaeria atrotibialis,0.9999921277682516
RMQS_25_VOUZIERS_210,Walckenaeria atrotibialis,0.9999921277682516
RMQS_25_ALLINGES_1275,Xysticus acerbus,0.9999982635228035
RMQS_25_AVESSAC_831,Xysticus acerbus,0.9999982635228035
RMQS_25_AZAY-LE-FERRON_1126,Xysticus acerbus,0.9999982635228035
RMQS_25_BAZORDAN_2186,Xysticus acerbus,0.9999982635228035
RMQS_25_BIOL_1517,Xysticus acerbus,0.9999982635228035
RMQS_25_CHATEAU-L'EVEQUE_1578,Xysticus acerbus,0.9999982635228035
RMQS_25_CHATRES-SUR-CHER_997,Xysticus acerbus,0.9999982635228035
RMQS_25_ESPAGNAC_1584,Xysticus acerbus,0.9999982635228035
RMQS_25_FONDETTES_946,Xysticus acerbus,0.9999982635228035
RMQS_25_HOUTAUD_1107,Xysticus acerbus,0.9999982635228035
RMQS_25_JOUILLAT_1295,Xysticus acerbus,0.9999982635228035
RMQS_25_LUGNY-LES-CHAROLLES_1264,Xysticus acerbus,0.9999982635228035
RMQS_25_PRESSAGNY-L'ORGUEILLEUX_277,Xysticus acerbus,0.9999982635228035
RMQS_25_RAUVILLE-LA-BIGOT_147,Xysticus acerbus,0.9999982635228035
RMQS_25_SAINT-AGNANT-PRES-CROCQ_1421,Xysticus acerbus,0.9999982635228035
RMQS_25_SAINT-GERMAIN_637,Xysticus acerbus,0.9999982635228035
RMQS_25_YGRANDE_1216,Xysticus acerbus,0.9999982635228035
RMQS_25_ALLINGES_1275,Xysticus cristatus,0.9999680984881129
RMQS_25_BIOL_1517,Xysticus cristatus,0.9999680984881129
RMQS_25_CANET-DE-SALARS_1882,Xysticus cristatus,0.9999680984881129
RMQS_25_CHATRES-SUR-CHER_997,Xysticus cristatus,0.9999680984881129
RMQS_25_ESPAGNAC_1584,Xysticus cristatus,0.9999680984881129
RMQS_25_HOUTAUD_1107,Xysticus cristatus,0.9999680984881129
RMQS_25_JOUILLAT_1295,Xysticus cristatus,0.9999680984881129
RMQS_25_PAUILLAC_1571,Xysticus cristatus,0.9999680984881129
RMQS_25_PERREUX_803,Xysticus cristatus,0.9999680984881129
RMQS_25_RAUVILLE-LA-BIGOT_147,Xysticus cristatus,0.9999680984881129
RMQS_25_SAINT-AGNANT-PRES-CROCQ_1421,Xysticus cristatus,0.9999680984881129
RMQS_25_GAREIN_1911,Xysticus ferrugineus,0.9999999971500468
RMQS_25_LONDE-LES-MAURES_2207,Xysticus ferrugineus,0.9999999971500468
RMQS_25_AILLEVILLE_640,Xysticus kochi,0.9999856520436937
RMQS_25_ALLINGES_1275,Xysticus kochi,0.9999856520436937
RMQS_25_AVESSAC_831,Xysticus kochi,0.9999856520436937
RMQS_25_BESSE_1747,Xysticus kochi,0.9999856520436937
RMQS_25_BIOL_1517,Xysticus kochi,0.9999856520436937
RMQS_25_CANET-DE-SALARS_1882,Xysticus kochi,0.9999856520436937
RMQS_25_CUGNEY_970,Xysticus kochi,0.9999856520436937
RMQS_25_DOMPAIRE_647,Xysticus kochi,0.9999856520436937
RMQS_25_EBERSHEIM_594,Xysticus kochi,0.9999856520436937
RMQS_25_EPANNES_1283,Xysticus kochi,0.9999856520436937
RMQS_25_ESPAGNAC_1584,Xysticus kochi,0.9999856520436937
RMQS_25_FONDETTES_946,Xysticus kochi,0.9999856520436937
RMQS_25_HORPS_557,Xysticus kochi,0.9999856520436937
RMQS_25_HOUTAUD_1107,Xysticus kochi,0.9999856520436937
RMQS_25_JOUILLAT_1295,Xysticus kochi,0.9999856520436937
RMQS_25_LESCOUT_2110,Xysticus kochi,0.9999856520436937
RMQS_25_LITZ_199,Xysticus kochi,0.9999856520436937
RMQS_25_LONDE-LES-MAURES_2207,Xysticus kochi,0.9999856520436937
RMQS_25_MONT-PRES-CHAMBORD_899,Xysticus kochi,0.9999856520436937
RMQS_25_PAUILLAC_1571,Xysticus kochi,0.9999856520436937
RMQS_25_PERREUX_803,Xysticus kochi,0.9999856520436937
RMQS_25_PRESSAGNY-L'ORGUEILLEUX_277,Xysticus kochi,0.9999856520436937
RMQS_25_RAUVILLE-LA-BIGOT_147,Xysticus kochi,0.9999856520436937
RMQS_25_SAINT-AGNANT-PRES-CROCQ_1421,Xysticus kochi,0.9999856520436937
RMQS_25_SALON-DE-PROVENCE_2079,Xysticus kochi,0.9999856520436937
RMQS_25_YGRANDE_1216,Xysticus kochi,0.9999856520436937
RMQS_25_PERREUX_803,Xysticus luctator,0.9999994243845158
RMQS_25_PRESSAGNY-L'ORGUEILLEUX_277,Xysticus luctator,0.9999994243845158
RMQS_25_THILLOMBOIS_347,Xysticus luctator,0.9999994243845158
RMQS_25_AZAY-LE-FERRON_1126,Zelotes petrensis,0.9999998661919879
RMQS_25_CASTANET_1878,Zelotes petrensis,0.9999998661919879
RMQS_25_CHATEAU-L'EVEQUE_1578,Zelotes petrensis,0.9999998661919879
RMQS_25_CHATRES-SUR-CHER_997,Zelotes petrensis,0.9999998661919879
RMQS_25_ESPAGNAC_1584,Zelotes petrensis,0.9999998661919879
RMQS_25_GEDRE_2269,Zelotes petrensis,0.9999998661919879
RMQS_25_SAINT-SAUVEUR-SUR-TINEE_1904,Zelotes petrensis,0.9999998661919879
RMQS_25_AILLEVILLE_640,Zodarion italicum,0.9999999483158668
RMQS_25_CASTANET_1878,Zodarion italicum,0.9999999483158668
RMQS_25_GAREIN_1911,Zodarion italicum,0.9999999483158668
RMQS_25_MALREVERS_1635,Zodarion italicum,0.9999999483158668
RMQS_25_RHODES_412,Zodarion italicum,0.9999999483158668
RMQS_25_SAINT-GINEIS-EN-COIRON_1764,Zodarion italicum,0.9999999483158668
RMQS_25_SAINT-SAUVEUR-SUR-TINEE_1904,Zodarion italicum,0.9999999483158668
RMQS_25_SANGUINET_1778,Zodarion italicum,0.9999999483158668
RMQS_25_THARAUX_1890,Zodarion italicum,0.9999999483158668
RMQS_25_TRIAIZE_1238,Zodarion italicum,0.9999999483158668
RMQS_25_YGRANDE_1216,Zodarion italicum,0.9999999483158668
