predictor,baseline_ispline_weight,scenario_ispline_weight,delta_ispline_weight,distance,assemblage_id,scenario,scenario_family,baseline_scenario,unit_type,iter
Geographic,4.211792171922344,4.211792171922344,0,Bray-Curtis,isopoda_pitfall,rtu_mixed_best_available,workflow,rtu_mixed_best_available,mixed_RTU,1
mos,2.15233707488307,2.15233707488307,0,Bray-Curtis,isopoda_pitfall,rtu_mixed_best_available,workflow,rtu_mixed_best_available,mixed_RTU,1
p_h,3.733388667684358,3.733388667684358,0,Bray-Curtis,isopoda_pitfall,rtu_mixed_best_available,workflow,rtu_mixed_best_available,mixed_RTU,1
t360_mean,1.4661675279886452,1.4661675279886452,0,Bray-Curtis,isopoda_pitfall,rtu_mixed_best_available,workflow,rtu_mixed_best_available,mixed_RTU,1
Geographic,1.890274164141091,1.890274164141091,0,Sørensen,isopoda_pitfall,rtu_mixed_best_available,workflow,rtu_mixed_best_available,mixed_RTU,1
mos,2.6616930652732815,2.6616930652732815,0,Sørensen,isopoda_pitfall,rtu_mixed_best_available,workflow,rtu_mixed_best_available,mixed_RTU,1
p_h,2.626976512573363,2.626976512573363,0,Sørensen,isopoda_pitfall,rtu_mixed_best_available,workflow,rtu_mixed_best_available,mixed_RTU,1
t360_mean,1.197366138732026,1.197366138732026,0,Sørensen,isopoda_pitfall,rtu_mixed_best_available,workflow,rtu_mixed_best_available,mixed_RTU,1
Geographic,3.434466645746231,3.2591075612334794,-0.17535908451275173,Bray-Curtis,isopoda_pitfall,rtu_species_only_drop_unresolved,workflow,rtu_mixed_best_available,species_only,1
mos,1.8178285926795814,1.8818279683029724,0.06399937562339097,Bray-Curtis,isopoda_pitfall,rtu_species_only_drop_unresolved,workflow,rtu_mixed_best_available,species_only,1
p_h,3.6327539563284628,3.652311684181681,0.01955772785321841,Bray-Curtis,isopoda_pitfall,rtu_species_only_drop_unresolved,workflow,rtu_mixed_best_available,species_only,1
t360_mean,1.5021054043516668,1.6686695860497023,0.16656418169803544,Bray-Curtis,isopoda_pitfall,rtu_species_only_drop_unresolved,workflow,rtu_mixed_best_available,species_only,1
Geographic,1.64867479166939,1.7843350230033828,0.13566023133399274,Sørensen,isopoda_pitfall,rtu_species_only_drop_unresolved,workflow,rtu_mixed_best_available,species_only,1
mos,2.216592311723414,2.3133811167501666,0.09678880502675247,Sørensen,isopoda_pitfall,rtu_species_only_drop_unresolved,workflow,rtu_mixed_best_available,species_only,1
p_h,2.5430827299041896,2.5043362765754287,-0.03874645332876092,Sørensen,isopoda_pitfall,rtu_species_only_drop_unresolved,workflow,rtu_mixed_best_available,species_only,1
t360_mean,1.4382394828293399,1.2738525943969623,-0.1643868884323776,Sørensen,isopoda_pitfall,rtu_species_only_drop_unresolved,workflow,rtu_mixed_best_available,species_only,1
Geographic,4.211792171922344,4.211792171922344,0,Bray-Curtis,isopoda_pitfall,rtu_rare_species_to_genus,workflow,rtu_mixed_best_available,mixed_RTU,1
mos,2.15233707488307,2.15233707488307,0,Bray-Curtis,isopoda_pitfall,rtu_rare_species_to_genus,workflow,rtu_mixed_best_available,mixed_RTU,1
p_h,3.733388667684358,3.733388667684358,0,Bray-Curtis,isopoda_pitfall,rtu_rare_species_to_genus,workflow,rtu_mixed_best_available,mixed_RTU,1
t360_mean,1.4661675279886452,1.4661675279886452,0,Bray-Curtis,isopoda_pitfall,rtu_rare_species_to_genus,workflow,rtu_mixed_best_available,mixed_RTU,1
Geographic,1.890274164141091,1.890274164141091,0,Sørensen,isopoda_pitfall,rtu_rare_species_to_genus,workflow,rtu_mixed_best_available,mixed_RTU,1
mos,2.6616930652732815,2.6616930652732815,0,Sørensen,isopoda_pitfall,rtu_rare_species_to_genus,workflow,rtu_mixed_best_available,mixed_RTU,1
p_h,2.626976512573363,2.626976512573363,0,Sørensen,isopoda_pitfall,rtu_rare_species_to_genus,workflow,rtu_mixed_best_available,mixed_RTU,1
t360_mean,1.197366138732026,1.197366138732026,0,Sørensen,isopoda_pitfall,rtu_rare_species_to_genus,workflow,rtu_mixed_best_available,mixed_RTU,1
Geographic,4.061020329498299,4.061020329498299,0,Bray-Curtis,isopoda_pitfall,rtu_mixed_genus_resolvable,resolution_genus,rtu_mixed_genus_resolvable,genus_resolvable_RTU,1
mos,2.1704165406190197,2.1704165406190197,0,Bray-Curtis,isopoda_pitfall,rtu_mixed_genus_resolvable,resolution_genus,rtu_mixed_genus_resolvable,genus_resolvable_RTU,1
p_h,3.7288600108824905,3.7288600108824905,0,Bray-Curtis,isopoda_pitfall,rtu_mixed_genus_resolvable,resolution_genus,rtu_mixed_genus_resolvable,genus_resolvable_RTU,1
t360_mean,1.4752945206664578,1.4752945206664578,0,Bray-Curtis,isopoda_pitfall,rtu_mixed_genus_resolvable,resolution_genus,rtu_mixed_genus_resolvable,genus_resolvable_RTU,1
Geographic,1.81073684234486,1.81073684234486,0,Sørensen,isopoda_pitfall,rtu_mixed_genus_resolvable,resolution_genus,rtu_mixed_genus_resolvable,genus_resolvable_RTU,1
mos,2.660411579117059,2.660411579117059,0,Sørensen,isopoda_pitfall,rtu_mixed_genus_resolvable,resolution_genus,rtu_mixed_genus_resolvable,genus_resolvable_RTU,1
p_h,2.624608994127383,2.624608994127383,0,Sørensen,isopoda_pitfall,rtu_mixed_genus_resolvable,resolution_genus,rtu_mixed_genus_resolvable,genus_resolvable_RTU,1
t360_mean,1.1706568174420817,1.1706568174420817,0,Sørensen,isopoda_pitfall,rtu_mixed_genus_resolvable,resolution_genus,rtu_mixed_genus_resolvable,genus_resolvable_RTU,1
Geographic,4.061020329498299,2.269434908838728,-1.7915854206595712,Bray-Curtis,isopoda_pitfall,rtu_genus_level,resolution_genus,rtu_mixed_genus_resolvable,genus_units,1
mos,2.1704165406190197,1.2019604703006512,-0.9684560703183684,Bray-Curtis,isopoda_pitfall,rtu_genus_level,resolution_genus,rtu_mixed_genus_resolvable,genus_units,1
p_h,3.7288600108824905,2.5756177324289276,-1.153242278453563,Bray-Curtis,isopoda_pitfall,rtu_genus_level,resolution_genus,rtu_mixed_genus_resolvable,genus_units,1
t360_mean,1.4752945206664578,0,-1.4752945206664578,Bray-Curtis,isopoda_pitfall,rtu_genus_level,resolution_genus,rtu_mixed_genus_resolvable,genus_units,1
Geographic,1.81073684234486,1.2543651172286983,-0.5563717251161617,Sørensen,isopoda_pitfall,rtu_genus_level,resolution_genus,rtu_mixed_genus_resolvable,genus_units,1
mos,2.660411579117059,1.4213650835941658,-1.2390464955228933,Sørensen,isopoda_pitfall,rtu_genus_level,resolution_genus,rtu_mixed_genus_resolvable,genus_units,1
p_h,2.624608994127383,1.6796414158869197,-0.9449675782404632,Sørensen,isopoda_pitfall,rtu_genus_level,resolution_genus,rtu_mixed_genus_resolvable,genus_units,1
t360_mean,1.1706568174420817,0.04799644773697747,-1.1226603697051043,Sørensen,isopoda_pitfall,rtu_genus_level,resolution_genus,rtu_mixed_genus_resolvable,genus_units,1
Geographic,4.211792171922344,4.211792171922344,0,Bray-Curtis,isopoda_pitfall,rtu_mixed_family_resolvable,resolution_family,rtu_mixed_family_resolvable,family_resolvable_RTU,1
mos,2.15233707488307,2.15233707488307,0,Bray-Curtis,isopoda_pitfall,rtu_mixed_family_resolvable,resolution_family,rtu_mixed_family_resolvable,family_resolvable_RTU,1
p_h,3.733388667684358,3.733388667684358,0,Bray-Curtis,isopoda_pitfall,rtu_mixed_family_resolvable,resolution_family,rtu_mixed_family_resolvable,family_resolvable_RTU,1
t360_mean,1.4661675279886452,1.4661675279886452,0,Bray-Curtis,isopoda_pitfall,rtu_mixed_family_resolvable,resolution_family,rtu_mixed_family_resolvable,family_resolvable_RTU,1
Geographic,1.890274164141091,1.890274164141091,0,Sørensen,isopoda_pitfall,rtu_mixed_family_resolvable,resolution_family,rtu_mixed_family_resolvable,family_resolvable_RTU,1
mos,2.6616930652732815,2.6616930652732815,0,Sørensen,isopoda_pitfall,rtu_mixed_family_resolvable,resolution_family,rtu_mixed_family_resolvable,family_resolvable_RTU,1
p_h,2.626976512573363,2.626976512573363,0,Sørensen,isopoda_pitfall,rtu_mixed_family_resolvable,resolution_family,rtu_mixed_family_resolvable,family_resolvable_RTU,1
t360_mean,1.197366138732026,1.197366138732026,0,Sørensen,isopoda_pitfall,rtu_mixed_family_resolvable,resolution_family,rtu_mixed_family_resolvable,family_resolvable_RTU,1
Geographic,4.211792171922344,0.31018186568407985,-3.901610306238264,Bray-Curtis,isopoda_pitfall,rtu_family_level,resolution_family,rtu_mixed_family_resolvable,family_units,1
mos,2.15233707488307,0.7987804641608531,-1.353556610722217,Bray-Curtis,isopoda_pitfall,rtu_family_level,resolution_family,rtu_mixed_family_resolvable,family_units,1
p_h,3.733388667684358,1.4428980999556433,-2.290490567728715,Bray-Curtis,isopoda_pitfall,rtu_family_level,resolution_family,rtu_mixed_family_resolvable,family_units,1
t360_mean,1.4661675279886452,0,-1.4661675279886452,Bray-Curtis,isopoda_pitfall,rtu_family_level,resolution_family,rtu_mixed_family_resolvable,family_units,1
Geographic,1.890274164141091,0.18428209098765613,-1.7059920731534348,Sørensen,isopoda_pitfall,rtu_family_level,resolution_family,rtu_mixed_family_resolvable,family_units,1
mos,2.6616930652732815,0.6802439589221008,-1.9814491063511808,Sørensen,isopoda_pitfall,rtu_family_level,resolution_family,rtu_mixed_family_resolvable,family_units,1
p_h,2.626976512573363,0.5409022423373018,-2.086074270236061,Sørensen,isopoda_pitfall,rtu_family_level,resolution_family,rtu_mixed_family_resolvable,family_units,1
t360_mean,1.197366138732026,0,-1.197366138732026,Sørensen,isopoda_pitfall,rtu_family_level,resolution_family,rtu_mixed_family_resolvable,family_units,1
Geographic,3.2591075612334794,3.2591075612334794,0,Bray-Curtis,isopoda_pitfall,species_baseline,species_error,species_baseline,species_units,1
mos,1.8818279683029724,1.8818279683029724,0,Bray-Curtis,isopoda_pitfall,species_baseline,species_error,species_baseline,species_units,1
p_h,3.652311684181681,3.652311684181681,0,Bray-Curtis,isopoda_pitfall,species_baseline,species_error,species_baseline,species_units,1
t360_mean,1.6686695860497023,1.6686695860497023,0,Bray-Curtis,isopoda_pitfall,species_baseline,species_error,species_baseline,species_units,1
Geographic,1.7843350230033828,1.7843350230033828,0,Sørensen,isopoda_pitfall,species_baseline,species_error,species_baseline,species_units,1
mos,2.3133811167501666,2.3133811167501666,0,Sørensen,isopoda_pitfall,species_baseline,species_error,species_baseline,species_units,1
p_h,2.5043362765754287,2.5043362765754287,0,Sørensen,isopoda_pitfall,species_baseline,species_error,species_baseline,species_units,1
t360_mean,1.2738525943969623,1.2738525943969623,0,Sørensen,isopoda_pitfall,species_baseline,species_error,species_baseline,species_units,1
Geographic,3.2591075612334794,2.501351541922202,-0.7577560193112776,Bray-Curtis,isopoda_pitfall,species_observed_congeneric_10pct,species_error_observed_pool,species_baseline,species_units,1
mos,1.8818279683029724,1.621581174321929,-0.26024679398104333,Bray-Curtis,isopoda_pitfall,species_observed_congeneric_10pct,species_error_observed_pool,species_baseline,species_units,1
p_h,3.652311684181681,3.3530731256277146,-0.2992385585539665,Bray-Curtis,isopoda_pitfall,species_observed_congeneric_10pct,species_error_observed_pool,species_baseline,species_units,1
t360_mean,1.6686695860497023,1.918992407039251,0.2503228209895487,Bray-Curtis,isopoda_pitfall,species_observed_congeneric_10pct,species_error_observed_pool,species_baseline,species_units,1
Geographic,1.7843350230033828,1.2764296999496314,-0.5079053230537514,Sørensen,isopoda_pitfall,species_observed_congeneric_10pct,species_error_observed_pool,species_baseline,species_units,1
mos,2.3133811167501666,1.8284682321413515,-0.4849128846088151,Sørensen,isopoda_pitfall,species_observed_congeneric_10pct,species_error_observed_pool,species_baseline,species_units,1
p_h,2.5043362765754287,2.221444228500194,-0.2828920480752348,Sørensen,isopoda_pitfall,species_observed_congeneric_10pct,species_error_observed_pool,species_baseline,species_units,1
t360_mean,1.2738525943969623,1.5733402402580603,0.299487645861098,Sørensen,isopoda_pitfall,species_observed_congeneric_10pct,species_error_observed_pool,species_baseline,species_units,1
Geographic,3.2591075612334794,3.3346259674338694,0.07551840620038996,Bray-Curtis,isopoda_pitfall,species_observed_rare_weighted_10pct,species_error_rare_weighted,species_baseline,species_units,1
mos,1.8818279683029724,1.549774955172351,-0.3320530131306214,Bray-Curtis,isopoda_pitfall,species_observed_rare_weighted_10pct,species_error_rare_weighted,species_baseline,species_units,1
p_h,3.652311684181681,3.2779423391278364,-0.3743693450538448,Bray-Curtis,isopoda_pitfall,species_observed_rare_weighted_10pct,species_error_rare_weighted,species_baseline,species_units,1
t360_mean,1.6686695860497023,0.3349787388337272,-1.333690847215975,Bray-Curtis,isopoda_pitfall,species_observed_rare_weighted_10pct,species_error_rare_weighted,species_baseline,species_units,1
Geographic,1.7843350230033828,1.7717400703580168,-0.01259495264536592,Sørensen,isopoda_pitfall,species_observed_rare_weighted_10pct,species_error_rare_weighted,species_baseline,species_units,1
mos,2.3133811167501666,1.95024688338292,-0.3631342333672465,Sørensen,isopoda_pitfall,species_observed_rare_weighted_10pct,species_error_rare_weighted,species_baseline,species_units,1
p_h,2.5043362765754287,2.2848408995958174,-0.2194953769796113,Sørensen,isopoda_pitfall,species_observed_rare_weighted_10pct,species_error_rare_weighted,species_baseline,species_units,1
t360_mean,1.2738525943969623,0.1810436087764842,-1.0928089856204781,Sørensen,isopoda_pitfall,species_observed_rare_weighted_10pct,species_error_rare_weighted,species_baseline,species_units,1
Geographic,3.2591075612334794,2.906328373588327,-0.35277918764515226,Bray-Curtis,isopoda_pitfall,species_observed_congeneric_10pct,species_error_observed_pool,species_baseline,species_units,2
mos,1.8818279683029724,1.7388273675348185,-0.1430006007681539,Bray-Curtis,isopoda_pitfall,species_observed_congeneric_10pct,species_error_observed_pool,species_baseline,species_units,2
p_h,3.652311684181681,3.37692422944829,-0.2753874547333912,Bray-Curtis,isopoda_pitfall,species_observed_congeneric_10pct,species_error_observed_pool,species_baseline,species_units,2
t360_mean,1.6686695860497023,1.2938541256877387,-0.37481546036196356,Bray-Curtis,isopoda_pitfall,species_observed_congeneric_10pct,species_error_observed_pool,species_baseline,species_units,2
Geographic,1.7843350230033828,1.7511799782297444,-0.0331550447736384,Sørensen,isopoda_pitfall,species_observed_congeneric_10pct,species_error_observed_pool,species_baseline,species_units,2
mos,2.3133811167501666,2.102042233239316,-0.21133888351085073,Sørensen,isopoda_pitfall,species_observed_congeneric_10pct,species_error_observed_pool,species_baseline,species_units,2
p_h,2.5043362765754287,2.4367142007668825,-0.06762207580854618,Sørensen,isopoda_pitfall,species_observed_congeneric_10pct,species_error_observed_pool,species_baseline,species_units,2
t360_mean,1.2738525943969623,0.6167579360146536,-0.6570946583823087,Sørensen,isopoda_pitfall,species_observed_congeneric_10pct,species_error_observed_pool,species_baseline,species_units,2
Geographic,3.2591075612334794,2.1286828625492986,-1.1304246986841808,Bray-Curtis,isopoda_pitfall,species_observed_rare_weighted_10pct,species_error_rare_weighted,species_baseline,species_units,2
mos,1.8818279683029724,1.7766648066116448,-0.10516316169132756,Bray-Curtis,isopoda_pitfall,species_observed_rare_weighted_10pct,species_error_rare_weighted,species_baseline,species_units,2
p_h,3.652311684181681,3.320801269234095,-0.33151041494758626,Bray-Curtis,isopoda_pitfall,species_observed_rare_weighted_10pct,species_error_rare_weighted,species_baseline,species_units,2
t360_mean,1.6686695860497023,1.5276604694734603,-0.14100911657624193,Bray-Curtis,isopoda_pitfall,species_observed_rare_weighted_10pct,species_error_rare_weighted,species_baseline,species_units,2
Geographic,1.7843350230033828,1.3411026971471587,-0.4432323258562241,Sørensen,isopoda_pitfall,species_observed_rare_weighted_10pct,species_error_rare_weighted,species_baseline,species_units,2
mos,2.3133811167501666,2.1644438679976994,-0.14893724875246717,Sørensen,isopoda_pitfall,species_observed_rare_weighted_10pct,species_error_rare_weighted,species_baseline,species_units,2
p_h,2.5043362765754287,2.2764474174273928,-0.22788885914803592,Sørensen,isopoda_pitfall,species_observed_rare_weighted_10pct,species_error_rare_weighted,species_baseline,species_units,2
t360_mean,1.2738525943969623,1.0497032944582185,-0.22414929993874377,Sørensen,isopoda_pitfall,species_observed_rare_weighted_10pct,species_error_rare_weighted,species_baseline,species_units,2
Geographic,3.2591075612334794,2.0291896411549843,-1.229917920078495,Bray-Curtis,isopoda_pitfall,species_observed_congeneric_10pct,species_error_observed_pool,species_baseline,species_units,3
mos,1.8818279683029724,1.9643683502412068,0.08254038193823443,Bray-Curtis,isopoda_pitfall,species_observed_congeneric_10pct,species_error_observed_pool,species_baseline,species_units,3
p_h,3.652311684181681,3.476682302190918,-0.17562938199076328,Bray-Curtis,isopoda_pitfall,species_observed_congeneric_10pct,species_error_observed_pool,species_baseline,species_units,3
t360_mean,1.6686695860497023,1.361690817361156,-0.30697876868854634,Bray-Curtis,isopoda_pitfall,species_observed_congeneric_10pct,species_error_observed_pool,species_baseline,species_units,3
Geographic,1.7843350230033828,1.2983059853554022,-0.48602903764798056,Sørensen,isopoda_pitfall,species_observed_congeneric_10pct,species_error_observed_pool,species_baseline,species_units,3
mos,2.3133811167501666,2.2539027653354924,-0.05947835141467417,Sørensen,isopoda_pitfall,species_observed_congeneric_10pct,species_error_observed_pool,species_baseline,species_units,3
p_h,2.5043362765754287,2.4107112054435578,-0.09362507113187091,Sørensen,isopoda_pitfall,species_observed_congeneric_10pct,species_error_observed_pool,species_baseline,species_units,3
t360_mean,1.2738525943969623,0.8085101474079822,-0.4653424469889801,Sørensen,isopoda_pitfall,species_observed_congeneric_10pct,species_error_observed_pool,species_baseline,species_units,3
Geographic,3.2591075612334794,2.272113497631891,-0.9869940636015886,Bray-Curtis,isopoda_pitfall,species_observed_rare_weighted_10pct,species_error_rare_weighted,species_baseline,species_units,3
mos,1.8818279683029724,1.7838352991215785,-0.09799266918139393,Bray-Curtis,isopoda_pitfall,species_observed_rare_weighted_10pct,species_error_rare_weighted,species_baseline,species_units,3
p_h,3.652311684181681,3.1356092765335317,-0.5167024076481495,Bray-Curtis,isopoda_pitfall,species_observed_rare_weighted_10pct,species_error_rare_weighted,species_baseline,species_units,3
t360_mean,1.6686695860497023,1.1508422506025358,-0.5178273354471665,Bray-Curtis,isopoda_pitfall,species_observed_rare_weighted_10pct,species_error_rare_weighted,species_baseline,species_units,3
Geographic,1.7843350230033828,1.5191221010079021,-0.26521292199548063,Sørensen,isopoda_pitfall,species_observed_rare_weighted_10pct,species_error_rare_weighted,species_baseline,species_units,3
mos,2.3133811167501666,1.9521072476128696,-0.361273869137297,Sørensen,isopoda_pitfall,species_observed_rare_weighted_10pct,species_error_rare_weighted,species_baseline,species_units,3
p_h,2.5043362765754287,2.2508276098340056,-0.25350866674142303,Sørensen,isopoda_pitfall,species_observed_rare_weighted_10pct,species_error_rare_weighted,species_baseline,species_units,3
t360_mean,1.2738525943969623,0.7051829518985004,-0.5686696424984619,Sørensen,isopoda_pitfall,species_observed_rare_weighted_10pct,species_error_rare_weighted,species_baseline,species_units,3
Geographic,3.2591075612334794,2.849361543411093,-0.4097460178223864,Bray-Curtis,isopoda_pitfall,species_observed_congeneric_10pct,species_error_observed_pool,species_baseline,species_units,4
mos,1.8818279683029724,1.8094836688222655,-0.07234429948070686,Bray-Curtis,isopoda_pitfall,species_observed_congeneric_10pct,species_error_observed_pool,species_baseline,species_units,4
p_h,3.652311684181681,3.3705579441322384,-0.28175374004944276,Bray-Curtis,isopoda_pitfall,species_observed_congeneric_10pct,species_error_observed_pool,species_baseline,species_units,4
t360_mean,1.6686695860497023,1.7504347301582925,0.08176514410859026,Bray-Curtis,isopoda_pitfall,species_observed_congeneric_10pct,species_error_observed_pool,species_baseline,species_units,4
Geographic,1.7843350230033828,1.578065355053673,-0.2062696679497098,Sørensen,isopoda_pitfall,species_observed_congeneric_10pct,species_error_observed_pool,species_baseline,species_units,4
mos,2.3133811167501666,2.1198769633711225,-0.19350415337904403,Sørensen,isopoda_pitfall,species_observed_congeneric_10pct,species_error_observed_pool,species_baseline,species_units,4
p_h,2.5043362765754287,2.244873709112041,-0.2594625674633875,Sørensen,isopoda_pitfall,species_observed_congeneric_10pct,species_error_observed_pool,species_baseline,species_units,4
t360_mean,1.2738525943969623,1.2735299952618024,-3.2259913515986227e-4,Sørensen,isopoda_pitfall,species_observed_congeneric_10pct,species_error_observed_pool,species_baseline,species_units,4
Geographic,3.2591075612334794,1.5605321424989989,-1.6985754187344806,Bray-Curtis,isopoda_pitfall,species_observed_rare_weighted_10pct,species_error_rare_weighted,species_baseline,species_units,4
mos,1.8818279683029724,1.8306430744262896,-0.05118489387668279,Bray-Curtis,isopoda_pitfall,species_observed_rare_weighted_10pct,species_error_rare_weighted,species_baseline,species_units,4
p_h,3.652311684181681,3.135849696915333,-0.5164619872663483,Bray-Curtis,isopoda_pitfall,species_observed_rare_weighted_10pct,species_error_rare_weighted,species_baseline,species_units,4
t360_mean,1.6686695860497023,1.6750380153423692,0.0063684292926668995,Bray-Curtis,isopoda_pitfall,species_observed_rare_weighted_10pct,species_error_rare_weighted,species_baseline,species_units,4
Geographic,1.7843350230033828,1.0674214566894733,-0.7169135663139095,Sørensen,isopoda_pitfall,species_observed_rare_weighted_10pct,species_error_rare_weighted,species_baseline,species_units,4
mos,2.3133811167501666,2.1383582410110127,-0.17502287573915387,Sørensen,isopoda_pitfall,species_observed_rare_weighted_10pct,species_error_rare_weighted,species_baseline,species_units,4
p_h,2.5043362765754287,2.144893069925918,-0.35944320664951057,Sørensen,isopoda_pitfall,species_observed_rare_weighted_10pct,species_error_rare_weighted,species_baseline,species_units,4
t360_mean,1.2738525943969623,1.1192427139437107,-0.15460988045325164,Sørensen,isopoda_pitfall,species_observed_rare_weighted_10pct,species_error_rare_weighted,species_baseline,species_units,4
Geographic,3.2591075612334794,1.978669778407167,-1.2804377828263125,Bray-Curtis,isopoda_pitfall,species_observed_congeneric_10pct,species_error_observed_pool,species_baseline,species_units,5
mos,1.8818279683029724,1.8189210704970513,-0.06290689780592107,Bray-Curtis,isopoda_pitfall,species_observed_congeneric_10pct,species_error_observed_pool,species_baseline,species_units,5
p_h,3.652311684181681,3.5266789333471436,-0.12563275083453762,Bray-Curtis,isopoda_pitfall,species_observed_congeneric_10pct,species_error_observed_pool,species_baseline,species_units,5
t360_mean,1.6686695860497023,1.3277710291753069,-0.3408985568743954,Bray-Curtis,isopoda_pitfall,species_observed_congeneric_10pct,species_error_observed_pool,species_baseline,species_units,5
Geographic,1.7843350230033828,1.2446419062964549,-0.5396931167069279,Sørensen,isopoda_pitfall,species_observed_congeneric_10pct,species_error_observed_pool,species_baseline,species_units,5
mos,2.3133811167501666,2.154244372262481,-0.15913674448768544,Sørensen,isopoda_pitfall,species_observed_congeneric_10pct,species_error_observed_pool,species_baseline,species_units,5
p_h,2.5043362765754287,2.3640821752685217,-0.14025410130690696,Sørensen,isopoda_pitfall,species_observed_congeneric_10pct,species_error_observed_pool,species_baseline,species_units,5
t360_mean,1.2738525943969623,0.9686800259169394,-0.30517256848002294,Sørensen,isopoda_pitfall,species_observed_congeneric_10pct,species_error_observed_pool,species_baseline,species_units,5
Geographic,3.2591075612334794,2.651464470151928,-0.6076430910815516,Bray-Curtis,isopoda_pitfall,species_observed_rare_weighted_10pct,species_error_rare_weighted,species_baseline,species_units,5
mos,1.8818279683029724,1.8728851263112976,-0.008942841991674833,Bray-Curtis,isopoda_pitfall,species_observed_rare_weighted_10pct,species_error_rare_weighted,species_baseline,species_units,5
p_h,3.652311684181681,3.372956759321493,-0.2793549248601881,Bray-Curtis,isopoda_pitfall,species_observed_rare_weighted_10pct,species_error_rare_weighted,species_baseline,species_units,5
t360_mean,1.6686695860497023,1.5591047459138323,-0.10956484013586998,Bray-Curtis,isopoda_pitfall,species_observed_rare_weighted_10pct,species_error_rare_weighted,species_baseline,species_units,5
Geographic,1.7843350230033828,1.3898155655166542,-0.39451945748672856,Sørensen,isopoda_pitfall,species_observed_rare_weighted_10pct,species_error_rare_weighted,species_baseline,species_units,5
mos,2.3133811167501666,2.095764476732955,-0.2176166400172117,Sørensen,isopoda_pitfall,species_observed_rare_weighted_10pct,species_error_rare_weighted,species_baseline,species_units,5
p_h,2.5043362765754287,2.165743209162077,-0.3385930674133517,Sørensen,isopoda_pitfall,species_observed_rare_weighted_10pct,species_error_rare_weighted,species_baseline,species_units,5
t360_mean,1.2738525943969623,1.0037001171843123,-0.27015247721265,Sørensen,isopoda_pitfall,species_observed_rare_weighted_10pct,species_error_rare_weighted,species_baseline,species_units,5
Geographic,3.2591075612334794,1.626171656520206,-1.6329359047132734,Bray-Curtis,isopoda_pitfall,species_observed_congeneric_10pct,species_error_observed_pool,species_baseline,species_units,6
mos,1.8818279683029724,1.9153178019619594,0.033489833658987056,Bray-Curtis,isopoda_pitfall,species_observed_congeneric_10pct,species_error_observed_pool,species_baseline,species_units,6
p_h,3.652311684181681,3.2776717464231084,-0.37463993775857274,Bray-Curtis,isopoda_pitfall,species_observed_congeneric_10pct,species_error_observed_pool,species_baseline,species_units,6
t360_mean,1.6686695860497023,2.05344506200692,0.3847754759572177,Bray-Curtis,isopoda_pitfall,species_observed_congeneric_10pct,species_error_observed_pool,species_baseline,species_units,6
Geographic,1.7843350230033828,0.9689428044607626,-0.8153922185426201,Sørensen,isopoda_pitfall,species_observed_congeneric_10pct,species_error_observed_pool,species_baseline,species_units,6
mos,2.3133811167501666,2.116560396894612,-0.1968207198555545,Sørensen,isopoda_pitfall,species_observed_congeneric_10pct,species_error_observed_pool,species_baseline,species_units,6
p_h,2.5043362765754287,2.0592186917262634,-0.4451175848491653,Sørensen,isopoda_pitfall,species_observed_congeneric_10pct,species_error_observed_pool,species_baseline,species_units,6
t360_mean,1.2738525943969623,1.687330288691443,0.41347769429448067,Sørensen,isopoda_pitfall,species_observed_congeneric_10pct,species_error_observed_pool,species_baseline,species_units,6
Geographic,3.2591075612334794,2.4508160612139758,-0.8082915000195037,Bray-Curtis,isopoda_pitfall,species_observed_rare_weighted_10pct,species_error_rare_weighted,species_baseline,species_units,6
mos,1.8818279683029724,1.680150070625134,-0.2016778976778384,Bray-Curtis,isopoda_pitfall,species_observed_rare_weighted_10pct,species_error_rare_weighted,species_baseline,species_units,6
p_h,3.652311684181681,3.4139995737504907,-0.2383121104311905,Bray-Curtis,isopoda_pitfall,species_observed_rare_weighted_10pct,species_error_rare_weighted,species_baseline,species_units,6
t360_mean,1.6686695860497023,1.8304095084561505,0.1617399224064482,Bray-Curtis,isopoda_pitfall,species_observed_rare_weighted_10pct,species_error_rare_weighted,species_baseline,species_units,6
Geographic,1.7843350230033828,1.1650847519228695,-0.6192502710805132,Sørensen,isopoda_pitfall,species_observed_rare_weighted_10pct,species_error_rare_weighted,species_baseline,species_units,6
mos,2.3133811167501666,1.7464423948784829,-0.5669387218716837,Sørensen,isopoda_pitfall,species_observed_rare_weighted_10pct,species_error_rare_weighted,species_baseline,species_units,6
p_h,2.5043362765754287,2.1403299757869507,-0.36400630078847795,Sørensen,isopoda_pitfall,species_observed_rare_weighted_10pct,species_error_rare_weighted,species_baseline,species_units,6
t360_mean,1.2738525943969623,1.5664563474540047,0.29260375305704245,Sørensen,isopoda_pitfall,species_observed_rare_weighted_10pct,species_error_rare_weighted,species_baseline,species_units,6
Geographic,3.2591075612334794,2.7980372171458097,-0.4610703440876698,Bray-Curtis,isopoda_pitfall,species_observed_congeneric_10pct,species_error_observed_pool,species_baseline,species_units,7
mos,1.8818279683029724,1.8553836465175182,-0.026444321785454195,Bray-Curtis,isopoda_pitfall,species_observed_congeneric_10pct,species_error_observed_pool,species_baseline,species_units,7
p_h,3.652311684181681,3.6274735395612785,-0.02483814462040268,Bray-Curtis,isopoda_pitfall,species_observed_congeneric_10pct,species_error_observed_pool,species_baseline,species_units,7
t360_mean,1.6686695860497023,1.321651592684142,-0.3470179933655604,Bray-Curtis,isopoda_pitfall,species_observed_congeneric_10pct,species_error_observed_pool,species_baseline,species_units,7
Geographic,1.7843350230033828,1.4204187290514467,-0.36391629395193603,Sørensen,isopoda_pitfall,species_observed_congeneric_10pct,species_error_observed_pool,species_baseline,species_units,7
mos,2.3133811167501666,2.1962715460030413,-0.11710957074712525,Sørensen,isopoda_pitfall,species_observed_congeneric_10pct,species_error_observed_pool,species_baseline,species_units,7
p_h,2.5043362765754287,2.3258703861507395,-0.1784658904246892,Sørensen,isopoda_pitfall,species_observed_congeneric_10pct,species_error_observed_pool,species_baseline,species_units,7
t360_mean,1.2738525943969623,0.95157051289181,-0.32228208150515225,Sørensen,isopoda_pitfall,species_observed_congeneric_10pct,species_error_observed_pool,species_baseline,species_units,7
Geographic,3.2591075612334794,2.830827729857501,-0.4282798313759786,Bray-Curtis,isopoda_pitfall,species_observed_rare_weighted_10pct,species_error_rare_weighted,species_baseline,species_units,7
mos,1.8818279683029724,1.8456723932572379,-0.03615557504573452,Bray-Curtis,isopoda_pitfall,species_observed_rare_weighted_10pct,species_error_rare_weighted,species_baseline,species_units,7
p_h,3.652311684181681,3.2755687015954664,-0.37674298258621475,Bray-Curtis,isopoda_pitfall,species_observed_rare_weighted_10pct,species_error_rare_weighted,species_baseline,species_units,7
t360_mean,1.6686695860497023,1.484374874654204,-0.18429471139549825,Bray-Curtis,isopoda_pitfall,species_observed_rare_weighted_10pct,species_error_rare_weighted,species_baseline,species_units,7
Geographic,1.7843350230033828,1.7565825878666557,-0.027752435136727094,Sørensen,isopoda_pitfall,species_observed_rare_weighted_10pct,species_error_rare_weighted,species_baseline,species_units,7
mos,2.3133811167501666,2.264378622726145,-0.04900249402402146,Sørensen,isopoda_pitfall,species_observed_rare_weighted_10pct,species_error_rare_weighted,species_baseline,species_units,7
p_h,2.5043362765754287,2.1063075268166784,-0.39802874975875024,Sørensen,isopoda_pitfall,species_observed_rare_weighted_10pct,species_error_rare_weighted,species_baseline,species_units,7
t360_mean,1.2738525943969623,1.1082708115985,-0.16558178279846225,Sørensen,isopoda_pitfall,species_observed_rare_weighted_10pct,species_error_rare_weighted,species_baseline,species_units,7
Geographic,3.2591075612334794,2.9408658356841832,-0.3182417255492962,Bray-Curtis,isopoda_pitfall,species_observed_congeneric_10pct,species_error_observed_pool,species_baseline,species_units,8
mos,1.8818279683029724,1.850401878235484,-0.03142609006748831,Bray-Curtis,isopoda_pitfall,species_observed_congeneric_10pct,species_error_observed_pool,species_baseline,species_units,8
p_h,3.652311684181681,3.5564869319343044,-0.09582475224737674,Bray-Curtis,isopoda_pitfall,species_observed_congeneric_10pct,species_error_observed_pool,species_baseline,species_units,8
t360_mean,1.6686695860497023,1.7678293123640418,0.09915972631433956,Bray-Curtis,isopoda_pitfall,species_observed_congeneric_10pct,species_error_observed_pool,species_baseline,species_units,8
Geographic,1.7843350230033828,1.3456188036446153,-0.4387162193587675,Sørensen,isopoda_pitfall,species_observed_congeneric_10pct,species_error_observed_pool,species_baseline,species_units,8
mos,2.3133811167501666,2.061946739809131,-0.25143437694103543,Sørensen,isopoda_pitfall,species_observed_congeneric_10pct,species_error_observed_pool,species_baseline,species_units,8
p_h,2.5043362765754287,2.2579727407385457,-0.24636353583688297,Sørensen,isopoda_pitfall,species_observed_congeneric_10pct,species_error_observed_pool,species_baseline,species_units,8
t360_mean,1.2738525943969623,1.4420660812060921,0.16821348680912984,Sørensen,isopoda_pitfall,species_observed_congeneric_10pct,species_error_observed_pool,species_baseline,species_units,8
Geographic,3.2591075612334794,2.258891642674134,-1.0002159185593453,Bray-Curtis,isopoda_pitfall,species_observed_rare_weighted_10pct,species_error_rare_weighted,species_baseline,species_units,8
mos,1.8818279683029724,1.6056507978305516,-0.27617717047242074,Bray-Curtis,isopoda_pitfall,species_observed_rare_weighted_10pct,species_error_rare_weighted,species_baseline,species_units,8
p_h,3.652311684181681,3.059475642952987,-0.5928360412286944,Bray-Curtis,isopoda_pitfall,species_observed_rare_weighted_10pct,species_error_rare_weighted,species_baseline,species_units,8
t360_mean,1.6686695860497023,0.943168621892337,-0.7255009641573653,Bray-Curtis,isopoda_pitfall,species_observed_rare_weighted_10pct,species_error_rare_weighted,species_baseline,species_units,8
Geographic,1.7843350230033828,1.5593057526916643,-0.2250292703117185,Sørensen,isopoda_pitfall,species_observed_rare_weighted_10pct,species_error_rare_weighted,species_baseline,species_units,8
mos,2.3133811167501666,1.9939022972283749,-0.3194788195217917,Sørensen,isopoda_pitfall,species_observed_rare_weighted_10pct,species_error_rare_weighted,species_baseline,species_units,8
p_h,2.5043362765754287,2.1439830162546802,-0.36035326032074844,Sørensen,isopoda_pitfall,species_observed_rare_weighted_10pct,species_error_rare_weighted,species_baseline,species_units,8
t360_mean,1.2738525943969623,0.48123245696713063,-0.7926201374298316,Sørensen,isopoda_pitfall,species_observed_rare_weighted_10pct,species_error_rare_weighted,species_baseline,species_units,8
Geographic,3.2591075612334794,3.3455548967945696,0.08644733556109019,Bray-Curtis,isopoda_pitfall,species_observed_congeneric_10pct,species_error_observed_pool,species_baseline,species_units,9
mos,1.8818279683029724,1.8190329902957856,-0.06279497800718681,Bray-Curtis,isopoda_pitfall,species_observed_congeneric_10pct,species_error_observed_pool,species_baseline,species_units,9
p_h,3.652311684181681,3.3383526321195323,-0.3139590520621489,Bray-Curtis,isopoda_pitfall,species_observed_congeneric_10pct,species_error_observed_pool,species_baseline,species_units,9
t360_mean,1.6686695860497023,0.8932273424462477,-0.7754422436034546,Bray-Curtis,isopoda_pitfall,species_observed_congeneric_10pct,species_error_observed_pool,species_baseline,species_units,9
Geographic,1.7843350230033828,2.1631134018936238,0.378778378890241,Sørensen,isopoda_pitfall,species_observed_congeneric_10pct,species_error_observed_pool,species_baseline,species_units,9
mos,2.3133811167501666,2.3499208097177684,0.036539692967601844,Sørensen,isopoda_pitfall,species_observed_congeneric_10pct,species_error_observed_pool,species_baseline,species_units,9
p_h,2.5043362765754287,2.4232205182607145,-0.08111575831471418,Sørensen,isopoda_pitfall,species_observed_congeneric_10pct,species_error_observed_pool,species_baseline,species_units,9
t360_mean,1.2738525943969623,0.3499922614417918,-0.9238603329551704,Sørensen,isopoda_pitfall,species_observed_congeneric_10pct,species_error_observed_pool,species_baseline,species_units,9
Geographic,3.2591075612334794,1.7415728999023237,-1.5175346613311558,Bray-Curtis,isopoda_pitfall,species_observed_rare_weighted_10pct,species_error_rare_weighted,species_baseline,species_units,9
mos,1.8818279683029724,1.6517105384674962,-0.23011742983547623,Bray-Curtis,isopoda_pitfall,species_observed_rare_weighted_10pct,species_error_rare_weighted,species_baseline,species_units,9
p_h,3.652311684181681,3.1253728528531592,-0.5269388313285219,Bray-Curtis,isopoda_pitfall,species_observed_rare_weighted_10pct,species_error_rare_weighted,species_baseline,species_units,9
t360_mean,1.6686695860497023,1.646981233509681,-0.021688352540021327,Bray-Curtis,isopoda_pitfall,species_observed_rare_weighted_10pct,species_error_rare_weighted,species_baseline,species_units,9
Geographic,1.7843350230033828,1.3980549181196844,-0.38628010488369835,Sørensen,isopoda_pitfall,species_observed_rare_weighted_10pct,species_error_rare_weighted,species_baseline,species_units,9
mos,2.3133811167501666,1.9440316387272436,-0.36934947802292295,Sørensen,isopoda_pitfall,species_observed_rare_weighted_10pct,species_error_rare_weighted,species_baseline,species_units,9
p_h,2.5043362765754287,2.215970879378615,-0.28836539719681387,Sørensen,isopoda_pitfall,species_observed_rare_weighted_10pct,species_error_rare_weighted,species_baseline,species_units,9
t360_mean,1.2738525943969623,0.8790310753324524,-0.3948215190645099,Sørensen,isopoda_pitfall,species_observed_rare_weighted_10pct,species_error_rare_weighted,species_baseline,species_units,9
Geographic,3.2591075612334794,3.1160335523107725,-0.14307400892270694,Bray-Curtis,isopoda_pitfall,species_observed_congeneric_10pct,species_error_observed_pool,species_baseline,species_units,10
mos,1.8818279683029724,1.7509988842433077,-0.13082908405966465,Bray-Curtis,isopoda_pitfall,species_observed_congeneric_10pct,species_error_observed_pool,species_baseline,species_units,10
p_h,3.652311684181681,3.3131728166514707,-0.3391388675302105,Bray-Curtis,isopoda_pitfall,species_observed_congeneric_10pct,species_error_observed_pool,species_baseline,species_units,10
t360_mean,1.6686695860497023,1.411020213932446,-0.25764937211725636,Bray-Curtis,isopoda_pitfall,species_observed_congeneric_10pct,species_error_observed_pool,species_baseline,species_units,10
Geographic,1.7843350230033828,1.9239007424777101,0.1395657194743274,Sørensen,isopoda_pitfall,species_observed_congeneric_10pct,species_error_observed_pool,species_baseline,species_units,10
mos,2.3133811167501666,2.221037591230637,-0.09234352551952973,Sørensen,isopoda_pitfall,species_observed_congeneric_10pct,species_error_observed_pool,species_baseline,species_units,10
p_h,2.5043362765754287,2.2432599836735223,-0.26107629290190637,Sørensen,isopoda_pitfall,species_observed_congeneric_10pct,species_error_observed_pool,species_baseline,species_units,10
t360_mean,1.2738525943969623,0.5918232249343297,-0.6820293694626326,Sørensen,isopoda_pitfall,species_observed_congeneric_10pct,species_error_observed_pool,species_baseline,species_units,10
Geographic,3.2591075612334794,2.8637813714833005,-0.39532618975017897,Bray-Curtis,isopoda_pitfall,species_observed_rare_weighted_10pct,species_error_rare_weighted,species_baseline,species_units,10
mos,1.8818279683029724,1.962006870412163,0.08017890210919054,Bray-Curtis,isopoda_pitfall,species_observed_rare_weighted_10pct,species_error_rare_weighted,species_baseline,species_units,10
p_h,3.652311684181681,3.4277368228755707,-0.22457486130611048,Bray-Curtis,isopoda_pitfall,species_observed_rare_weighted_10pct,species_error_rare_weighted,species_baseline,species_units,10
t360_mean,1.6686695860497023,1.0131252650389933,-0.655544321010709,Bray-Curtis,isopoda_pitfall,species_observed_rare_weighted_10pct,species_error_rare_weighted,species_baseline,species_units,10
Geographic,1.7843350230033828,1.8254318293443177,0.04109680634093493,Sørensen,isopoda_pitfall,species_observed_rare_weighted_10pct,species_error_rare_weighted,species_baseline,species_units,10
mos,2.3133811167501666,2.2822322324335254,-0.0311488843166412,Sørensen,isopoda_pitfall,species_observed_rare_weighted_10pct,species_error_rare_weighted,species_baseline,species_units,10
p_h,2.5043362765754287,2.228230678247042,-0.27610559832838666,Sørensen,isopoda_pitfall,species_observed_rare_weighted_10pct,species_error_rare_weighted,species_baseline,species_units,10
t360_mean,1.2738525943969623,0.6650790825736402,-0.6087735118233221,Sørensen,isopoda_pitfall,species_observed_rare_weighted_10pct,species_error_rare_weighted,species_baseline,species_units,10
Geographic,3.2591075612334794,2.5484139028952693,-0.7106936583382102,Bray-Curtis,isopoda_pitfall,species_observed_congeneric_10pct,species_error_observed_pool,species_baseline,species_units,11
mos,1.8818279683029724,1.809930231982695,-0.0718977363202773,Bray-Curtis,isopoda_pitfall,species_observed_congeneric_10pct,species_error_observed_pool,species_baseline,species_units,11
p_h,3.652311684181681,3.7372169761187672,0.08490529193708607,Bray-Curtis,isopoda_pitfall,species_observed_congeneric_10pct,species_error_observed_pool,species_baseline,species_units,11
t360_mean,1.6686695860497023,0.9125451234214206,-0.7561244626282817,Bray-Curtis,isopoda_pitfall,species_observed_congeneric_10pct,species_error_observed_pool,species_baseline,species_units,11
Geographic,1.7843350230033828,1.8629488945131363,0.07861387150975352,Sørensen,isopoda_pitfall,species_observed_congeneric_10pct,species_error_observed_pool,species_baseline,species_units,11
mos,2.3133811167501666,2.1930365503900644,-0.12034456636010216,Sørensen,isopoda_pitfall,species_observed_congeneric_10pct,species_error_observed_pool,species_baseline,species_units,11
p_h,2.5043362765754287,2.401437292700627,-0.10289898387480179,Sørensen,isopoda_pitfall,species_observed_congeneric_10pct,species_error_observed_pool,species_baseline,species_units,11
t360_mean,1.2738525943969623,0.6798772136435267,-0.5939753807534356,Sørensen,isopoda_pitfall,species_observed_congeneric_10pct,species_error_observed_pool,species_baseline,species_units,11
Geographic,3.2591075612334794,2.653908578653852,-0.6051989825796276,Bray-Curtis,isopoda_pitfall,species_observed_rare_weighted_10pct,species_error_rare_weighted,species_baseline,species_units,11
mos,1.8818279683029724,1.6433578175180963,-0.2384701507848761,Bray-Curtis,isopoda_pitfall,species_observed_rare_weighted_10pct,species_error_rare_weighted,species_baseline,species_units,11
p_h,3.652311684181681,3.591627424808452,-0.0606842593732293,Bray-Curtis,isopoda_pitfall,species_observed_rare_weighted_10pct,species_error_rare_weighted,species_baseline,species_units,11
t360_mean,1.6686695860497023,0.7842808092882062,-0.8843887767614961,Bray-Curtis,isopoda_pitfall,species_observed_rare_weighted_10pct,species_error_rare_weighted,species_baseline,species_units,11
Geographic,1.7843350230033828,1.5231112729391223,-0.26122375006426046,Sørensen,isopoda_pitfall,species_observed_rare_weighted_10pct,species_error_rare_weighted,species_baseline,species_units,11
mos,2.3133811167501666,1.9870206160996084,-0.3263605006505581,Sørensen,isopoda_pitfall,species_observed_rare_weighted_10pct,species_error_rare_weighted,species_baseline,species_units,11
p_h,2.5043362765754287,2.396210988803372,-0.10812528777205666,Sørensen,isopoda_pitfall,species_observed_rare_weighted_10pct,species_error_rare_weighted,species_baseline,species_units,11
t360_mean,1.2738525943969623,0.5268716903587037,-0.7469809040382586,Sørensen,isopoda_pitfall,species_observed_rare_weighted_10pct,species_error_rare_weighted,species_baseline,species_units,11
Geographic,3.2591075612334794,3.1292953772631016,-0.12981218397037786,Bray-Curtis,isopoda_pitfall,species_observed_congeneric_10pct,species_error_observed_pool,species_baseline,species_units,12
mos,1.8818279683029724,1.8063412262017005,-0.07548674210127193,Bray-Curtis,isopoda_pitfall,species_observed_congeneric_10pct,species_error_observed_pool,species_baseline,species_units,12
p_h,3.652311684181681,3.782211551157357,0.12989986697567568,Bray-Curtis,isopoda_pitfall,species_observed_congeneric_10pct,species_error_observed_pool,species_baseline,species_units,12
t360_mean,1.6686695860497023,1.177483810953342,-0.4911857750963602,Bray-Curtis,isopoda_pitfall,species_observed_congeneric_10pct,species_error_observed_pool,species_baseline,species_units,12
Geographic,1.7843350230033828,2.0452176125337993,0.26088258953041654,Sørensen,isopoda_pitfall,species_observed_congeneric_10pct,species_error_observed_pool,species_baseline,species_units,12
mos,2.3133811167501666,2.261551202171697,-0.05182991457846953,Sørensen,isopoda_pitfall,species_observed_congeneric_10pct,species_error_observed_pool,species_baseline,species_units,12
p_h,2.5043362765754287,2.540654458886682,0.03631818231125328,Sørensen,isopoda_pitfall,species_observed_congeneric_10pct,species_error_observed_pool,species_baseline,species_units,12
t360_mean,1.2738525943969623,0.8445228787209695,-0.42932971567599276,Sørensen,isopoda_pitfall,species_observed_congeneric_10pct,species_error_observed_pool,species_baseline,species_units,12
Geographic,3.2591075612334794,2.8237636156979997,-0.4353439455354797,Bray-Curtis,isopoda_pitfall,species_observed_rare_weighted_10pct,species_error_rare_weighted,species_baseline,species_units,12
mos,1.8818279683029724,1.8530790821602192,-0.02874888614275317,Bray-Curtis,isopoda_pitfall,species_observed_rare_weighted_10pct,species_error_rare_weighted,species_baseline,species_units,12
p_h,3.652311684181681,3.3544743102106436,-0.2978373739710376,Bray-Curtis,isopoda_pitfall,species_observed_rare_weighted_10pct,species_error_rare_weighted,species_baseline,species_units,12
t360_mean,1.6686695860497023,1.176378564962737,-0.4922910210869653,Bray-Curtis,isopoda_pitfall,species_observed_rare_weighted_10pct,species_error_rare_weighted,species_baseline,species_units,12
Geographic,1.7843350230033828,1.717171218187144,-0.06716380481623885,Sørensen,isopoda_pitfall,species_observed_rare_weighted_10pct,species_error_rare_weighted,species_baseline,species_units,12
mos,2.3133811167501666,2.313851440130372,4.703233802052509e-4,Sørensen,isopoda_pitfall,species_observed_rare_weighted_10pct,species_error_rare_weighted,species_baseline,species_units,12
p_h,2.5043362765754287,2.23102692089581,-0.2733093556796189,Sørensen,isopoda_pitfall,species_observed_rare_weighted_10pct,species_error_rare_weighted,species_baseline,species_units,12
t360_mean,1.2738525943969623,0.8352993920881148,-0.43855320230884753,Sørensen,isopoda_pitfall,species_observed_rare_weighted_10pct,species_error_rare_weighted,species_baseline,species_units,12
