loc;station;ech;long;lat;alt;habitat;hab_type;taxa;sex;mass
Auzon;RMQS_2024_AUZON_1549;RMQS_2024_AUZON_1549_PB4;45.3911047765517;3.34517713570663;400;Prairie de fauche;open;Abax parallelepipedus;male;244.9
Auzon;RMQS_2024_AUZON_1549;RMQS_2024_AUZON_1549_PB4;45.3911047765517;3.34517713570663;400;Prairie de fauche;open;Abax parallelepipedus;male;249.6
Auzon;RMQS_2024_AUZON_1549;RMQS_2024_AUZON_1549_PB4;45.3911047765517;3.34517713570663;400;Prairie de fauche;open;Abax parallelepipedus;male;228.9
Auzon;RMQS_2024_AUZON_1549;RMQS_2024_AUZON_1549_PB6;45.3911047765517;3.34517713570663;400;Prairie de fauche;open;Abax parallelepipedus;male;237.1
Lagos;RMQS_2024_LAGOS_2182;RMQS_2024_LAGOS_2182_PB6;43.2099108298878;-0.231911972629328;245;Culture;open;Agonum muelleri;female;21.98
Lagos;RMQS_2024_LAGOS_2182;RMQS_2024_LAGOS_2182_PB6;43.2099108298878;-0.231911972629328;245;Culture;open;Agonum muelleri;female;13.28
Lagos;RMQS_2024_LAGOS_2182;RMQS_2024_LAGOS_2182_PB5;43.2099108298878;-0.231911972629328;245;Culture;open;Agonum muelleri;female;20.9
Lagos;RMQS_2024_LAGOS_2182;RMQS_2024_LAGOS_2182_PB1;43.2099108298878;-0.231911972629328;245;Culture;open;Agonum muelleri;female;
Lagos;RMQS_2024_LAGOS_2182;RMQS_2024_LAGOS_2182_PB3;43.2099108298878;-0.231911972629328;245;Culture;open;Agonum muelleri;male;14.14
Lagos;RMQS_2024_LAGOS_2182;RMQS_2024_LAGOS_2182_PB3;43.2099108298878;-0.231911972629328;245;Culture;open;Agonum muelleri;male;13.52
Lagos;RMQS_2024_LAGOS_2182;RMQS_2024_LAGOS_2182_PB6;43.2099108298878;-0.231911972629328;245;Culture;open;Agonum muelleri;male;17.44
Lagos;RMQS_2024_LAGOS_2182;RMQS_2024_LAGOS_2182_PB6;43.2099108298878;-0.231911972629328;245;Culture;open;Agonum muelleri;male;16.52
Lagos;RMQS_2024_LAGOS_2182;RMQS_2024_LAGOS_2182_PB2;43.2099108298878;-0.231911972629328;245;Culture;open;Agonum muelleri;male;15.71
Lagos;RMQS_2024_LAGOS_2182;RMQS_2024_LAGOS_2182_PB2;43.2099108298878;-0.231911972629328;245;Culture;open;Agonum muelleri;male;18.22
Lagos;RMQS_2024_LAGOS_2182;RMQS_2024_LAGOS_2182_PB2;43.2099108298878;-0.231911972629328;245;Culture;open;Agonum muelleri;male;18.51
Lagos;RMQS_2024_LAGOS_2182;RMQS_2024_LAGOS_2182_PB2;43.2099108298878;-0.231911972629328;245;Culture;open;Agonum muelleri;male;14.76
Lagos;RMQS_2024_LAGOS_2182;RMQS_2024_LAGOS_2182_PB2;43.2099108298878;-0.231911972629328;245;Culture;open;Agonum muelleri;male;13.48
Lagos;RMQS_2024_LAGOS_2182;RMQS_2024_LAGOS_2182_PB2;43.2099108298878;-0.231911972629328;245;Culture;open;Agonum muelleri;male;14.88
Lagos;RMQS_2024_LAGOS_2182;RMQS_2024_LAGOS_2182_PB4;43.2099108298878;-0.231911972629328;245;Culture;open;Agonum muelleri;male;20.68
Lagos;RMQS_2024_LAGOS_2182;RMQS_2024_LAGOS_2182_PB5;43.2099108298878;-0.231911972629328;245;Culture;open;Agonum muelleri;male;22.2
Lagos;RMQS_2024_LAGOS_2182;RMQS_2024_LAGOS_2182_PB5;43.2099108298878;-0.231911972629328;245;Culture;open;Agonum muelleri;male;11.72
Belcastel;RMQS_2024_BELCASTEL_1837;RMQS_2024_BELCASTEL_1837_PB6;44.3889199310117;2.32434462405189;579;Culture;open;Amara aenea;female;16
Lagos;RMQS_2024_LAGOS_2182;RMQS_2024_LAGOS_2182_PB5;43.2099108298878;-0.231911972629328;245;Culture;open;Amara aenea;male;19.32
Puimoisson;RMQS_2024_PUIMOISSON_1992;RMQS_2024_BELCASTEL_1992_PB6;43.8921670756657;6.10461897406734;712;Culture de coriande;open;Amara aenea;male;30
Le Mas;RMQS_2024_LE MAS_1996;RMQS_2024_LE MAS_1996_PB3;43.8563416618755;6.90327394449335;757;Prairie;open;Amara aenea;female;15.31
Auzon;RMQS_2024_AUZON_1549;RMQS_2024_AUZON_1549_PB6;45.3911047765517;3.34517713570663;400;Prairie de fauche;open;Amara aenea;male;22.82
Le Peage-De-Roussillon;RMQS_2024_LE-PEAGE-DE-ROUSILLON_1556;RMQS_2024_LE-PEAGE-DE-ROUSILLON_1556_PB1;45.3690149100078;4.77475157668675;138;Verger;woodland;Amara aenea;female;14.3
Le Peage-De-Roussillon;RMQS_2024_LE-PEAGE-DE-ROUSILLON_1556;RMQS_2024_LE-PEAGE-DE-ROUSILLON_1556_PB2;45.3690149100078;4.77475157668675;138;Verger;woodland;Amara aenea;female;21
Le Peage-De-Roussillon;RMQS_2024_LE-PEAGE-DE-ROUSILLON_1556;RMQS_2024_LE-PEAGE-DE-ROUSILLON_1556_PB2;45.3690149100078;4.77475157668675;138;Verger;woodland;Amara aenea;female;20
Le Peage-De-Roussillon;RMQS_2024_LE-PEAGE-DE-ROUSILLON_1556;RMQS_2024_LE-PEAGE-DE-ROUSILLON_1556_PB2;45.3690149100078;4.77475157668675;138;Verger;woodland;Amara aenea;female;19
Le Peage-De-Roussillon;RMQS_2024_LE-PEAGE-DE-ROUSILLON_1556;RMQS_2024_LE-PEAGE-DE-ROUSILLON_1556_PB2;45.3690149100078;4.77475157668675;138;Verger;woodland;Amara aenea;female;23
Le Peage-De-Roussillon;RMQS_2024_LE PEAGE-DE-ROUSILLON_1556;RMQS_2024_LE PEAGE-DE-ROUSILLON_1556_PB3;45.3690149100078;4.77475157668675;138;Verger;woodland;Amara aenea;female;27
Le Peage-De-Roussillon;RMQS_2024_LE PEAGE-DE-ROUSILLON_1556;RMQS_2024_LE PEAGE-DE-ROUSILLON_1556_PB3;45.3690149100078;4.77475157668675;138;Verger;woodland;Amara aenea;female;28
Le Peage-De-Roussillon;RMQS_2024_LE PEAGE-DE-ROUSILLON_1556;RMQS_2024_LE PEAGE-DE-ROUSILLON_1556_PB3;45.3690149100078;4.77475157668675;138;Verger;woodland;Amara aenea;female;18.9
Le Peage-De-Roussillon;RMQS_2024_LE PEAGE-DE-ROUSILLON_1556;RMQS_2024_LE PEAGE-DE-ROUSILLON_1556_PB3;45.3690149100078;4.77475157668675;138;Verger;woodland;Amara aenea;female;19.9
Le Peage-De-Roussillon;RMQS_2024_LE PEAGE-DE-ROUSILLON_1556;RMQS_2024_LE PEAGE-DE-ROUSILLON_1556_PB3;45.3690149100078;4.77475157668675;138;Verger;woodland;Amara aenea;female;26
Le Peage-De-Roussillon;RMQS_2024_LE PEAGE-DE-ROUSILLON_1556;RMQS_2024_LE PEAGE-DE-ROUSILLON_1556_PB3;45.3690149100078;4.77475157668675;138;Verger;woodland;Amara aenea;female;24
Le Peage-De-Roussillon;RMQS_2024_LE PEAGE-DE-ROUSILLON_1556;RMQS_2024_LE PEAGE-DE-ROUSILLON_1556_PB3;45.3690149100078;4.77475157668675;138;Verger;woodland;Amara aenea;female;16.1
Le Peage-De-Roussillon;RMQS_2024_LE PEAGE-DE-ROUSILLON_1556;RMQS_2024_LE PEAGE-DE-ROUSILLON_1556_PB4;45.3690149100078;4.77475157668675;138;Verger;woodland;Amara aenea;female;26
Le Peage-De-Roussillon;RMQS_2024_LE PEAGE-DE-ROUSILLON_1556;RMQS_2024_LE PEAGE-DE-ROUSILLON_1556_PB4;45.3690149100078;4.77475157668675;138;Verger;woodland;Amara aenea;female;17
Le Peage-De-Roussillon;RMQS_2024_LE-PEAGE-DE-ROUSILLON_1556;RMQS_2024_LE-PEAGE-DE-ROUSILLON_1556_PB1;45.3690149100078;4.77475157668675;138;Verger;woodland;Amara aenea;male;25
Le Peage-De-Roussillon;RMQS_2024_LE-PEAGE-DE-ROUSILLON_1556;RMQS_2024_LE-PEAGE-DE-ROUSILLON_1556_PB1;45.3690149100078;4.77475157668675;138;Verger;woodland;Amara aenea;male;28
Le Peage-De-Roussillon;RMQS_2024_LE-PEAGE-DE-ROUSILLON_1556;RMQS_2024_LE-PEAGE-DE-ROUSILLON_1556_PB1;45.3690149100078;4.77475157668675;138;Verger;woodland;Amara aenea;male;18.2
Le Peage-De-Roussillon;RMQS_2024_LE-PEAGE-DE-ROUSILLON_1556;RMQS_2024_LE-PEAGE-DE-ROUSILLON_1556_PB2;45.3690149100078;4.77475157668675;138;Verger;woodland;Amara aenea;male;25
Le Peage-De-Roussillon;RMQS_2024_LE-PEAGE-DE-ROUSILLON_1556;RMQS_2024_LE-PEAGE-DE-ROUSILLON_1556_PB2;45.3690149100078;4.77475157668675;138;Verger;woodland;Amara aenea;male;28
Le Peage-De-Roussillon;RMQS_2024_LE-PEAGE-DE-ROUSILLON_1556;RMQS_2024_LE-PEAGE-DE-ROUSILLON_1556_PB2;45.3690149100078;4.77475157668675;138;Verger;woodland;Amara aenea;male;22
Le Peage-De-Roussillon;RMQS_2024_LE-PEAGE-DE-ROUSILLON_1556;RMQS_2024_LE-PEAGE-DE-ROUSILLON_1556_PB2;45.3690149100078;4.77475157668675;138;Verger;woodland;Amara aenea;male;27
Le Peage-De-Roussillon;RMQS_2024_LE-PEAGE-DE-ROUSILLON_1556;RMQS_2024_LE-PEAGE-DE-ROUSILLON_1556_PB2;45.3690149100078;4.77475157668675;138;Verger;woodland;Amara aenea;male;24
Le Peage-De-Roussillon;RMQS_2024_LE-PEAGE-DE-ROUSILLON_1556;RMQS_2024_LE-PEAGE-DE-ROUSILLON_1556_PB2;45.3690149100078;4.77475157668675;138;Verger;woodland;Amara aenea;male;27
Le Peage-De-Roussillon;RMQS_2024_LE-PEAGE-DE-ROUSILLON_1556;RMQS_2024_LE-PEAGE-DE-ROUSILLON_1556_PB2;45.3690149100078;4.77475157668675;138;Verger;woodland;Amara aenea;male;22
Le Peage-De-Roussillon;RMQS_2024_LE-PEAGE-DE-ROUSILLON_1556;RMQS_2024_LE-PEAGE-DE-ROUSILLON_1556_PB2;45.3690149100078;4.77475157668675;138;Verger;woodland;Amara aenea;male;21
Le Peage-De-Roussillon;RMQS_2024_LE-PEAGE-DE-ROUSILLON_1556;RMQS_2024_LE-PEAGE-DE-ROUSILLON_1556_PB2;45.3690149100078;4.77475157668675;138;Verger;woodland;Amara aenea;male;22
Le Peage-De-Roussillon;RMQS_2024_LE-PEAGE-DE-ROUSILLON_1556;RMQS_2024_LE-PEAGE-DE-ROUSILLON_1556_PB2;45.3690149100078;4.77475157668675;138;Verger;woodland;Amara aenea;male;24
Le Peage-De-Roussillon;RMQS_2024_LE-PEAGE-DE-ROUSILLON_1556;RMQS_2024_LE-PEAGE-DE-ROUSILLON_1556_PB2;45.3690149100078;4.77475157668675;138;Verger;woodland;Amara aenea;male;17
Le Peage-De-Roussillon;RMQS_2024_LE-PEAGE-DE-ROUSILLON_1556;RMQS_2024_LE-PEAGE-DE-ROUSILLON_1556_PB2;45.3690149100078;4.77475157668675;138;Verger;woodland;Amara aenea;male;22
Le Peage-De-Roussillon;RMQS_2024_LE-PEAGE-DE-ROUSILLON_1556;RMQS_2024_LE-PEAGE-DE-ROUSILLON_1556_PB2;45.3690149100078;4.77475157668675;138;Verger;woodland;Amara aenea;male;30
Le Peage-De-Roussillon;RMQS_2024_LE PEAGE-DE-ROUSILLON_1556;RMQS_2024_LE PEAGE-DE-ROUSILLON_1556_PB3;45.3690149100078;4.77475157668675;138;Verger;woodland;Amara aenea;male;29
Le Peage-De-Roussillon;RMQS_2024_LE PEAGE-DE-ROUSILLON_1556;RMQS_2024_LE PEAGE-DE-ROUSILLON_1556_PB3;45.3690149100078;4.77475157668675;138;Verger;woodland;Amara aenea;male;24
Le Peage-De-Roussillon;RMQS_2024_LE PEAGE-DE-ROUSILLON_1556;RMQS_2024_LE PEAGE-DE-ROUSILLON_1556_PB3;45.3690149100078;4.77475157668675;138;Verger;woodland;Amara aenea;male;18.6
Le Peage-De-Roussillon;RMQS_2024_LE PEAGE-DE-ROUSILLON_1556;RMQS_2024_LE PEAGE-DE-ROUSILLON_1556_PB3;45.3690149100078;4.77475157668675;138;Verger;woodland;Amara aenea;male;28
Le Peage-De-Roussillon;RMQS_2024_LE PEAGE-DE-ROUSILLON_1556;RMQS_2024_LE PEAGE-DE-ROUSILLON_1556_PB3;45.3690149100078;4.77475157668675;138;Verger;woodland;Amara aenea;male;25
Le Peage-De-Roussillon;RMQS_2024_LE PEAGE-DE-ROUSILLON_1556;RMQS_2024_LE PEAGE-DE-ROUSILLON_1556_PB6;45.3690149100078;4.77475157668675;138;Verger;woodland;Amara aenea;male;18.98
Le Peage-De-Roussillon;RMQS_2024_LE PEAGE-DE-ROUSILLON_1556;RMQS_2024_LE PEAGE-DE-ROUSILLON_1556_PB4;45.3690149100078;4.77475157668675;138;Verger;woodland;Amara aenea;male;20
Le Peage-De-Roussillon;RMQS_2024_LE PEAGE-DE-ROUSILLON_1556;RMQS_2024_LE PEAGE-DE-ROUSILLON_1556_PB4;45.3690149100078;4.77475157668675;138;Verger;woodland;Amara aenea;male;21
Porta;RMQS_2024_PORTA_2312;RMQS_2024_PORTA_2312_PB3;42.5280876159668;1.73446702957153;2267;Pelouse alpine;open;Amara equestris;male;41.2
Le Peage-De-Roussillon;RMQS_2024_LE-PEAGE-DE-ROUSILLON_1556;RMQS_2024_LE-PEAGE-DE-ROUSILLON_1556_PB1;45.3690149100078;4.77475157668675;138;Verger;woodland;Amara similata;female;40
Belcastel;RMQS_2024_BELCASTEL_1837;RMQS_2024_BELCASTEL_1837_PB2;44.3889199310117;2.32434462405189;579;Culture;open;Anchomenus dorsalis;female;15
Belcastel;RMQS_2024_BELCASTEL_1837;RMQS_2024_BELCASTEL_1837_PB2;44.3889199310117;2.32434462405189;579;Culture;open;Anchomenus dorsalis;female;8
Belcastel;RMQS_2024_BELCASTEL_1837;RMQS_2024_BELCASTEL_1837_PB3;44.3889199310117;2.32434462405189;579;Culture;open;Anchomenus dorsalis;female;11.64
Belcastel;RMQS_2024_BELCASTEL_1837;RMQS_2024_BELCASTEL_1837_PB6;44.3889199310117;2.32434462405189;579;Culture;open;Anchomenus dorsalis;female;10.9
Belcastel;RMQS_2024_BELCASTEL_1837;RMQS_2024_BELCASTEL_1837_PB4;44.3889199310117;2.32434462405189;579;Culture;open;Anchomenus dorsalis;female;15.2
Belcastel;RMQS_2024_BELCASTEL_1837;RMQS_2024_BELCASTEL_1837_PB4;44.3889199310117;2.32434462405189;579;Culture;open;Anchomenus dorsalis;female;6.5
Belcastel;RMQS_2024_BELCASTEL_1837;RMQS_2024_BELCASTEL_1837_PB2;44.3889199310117;2.32434462405189;579;Culture;open;Anchomenus dorsalis;male;12
Belcastel;RMQS_2024_BELCASTEL_1837;RMQS_2024_BELCASTEL_1837_PB6;44.3889199310117;2.32434462405189;579;Culture;open;Anchomenus dorsalis;male;10.3
Belcastel;RMQS_2024_BELCASTEL_1837;RMQS_2024_BELCASTEL_1837_PB6;44.3889199310117;2.32434462405189;579;Culture;open;Anchomenus dorsalis;male;6.4
Belcastel;RMQS_2024_BELCASTEL_1837;RMQS_2024_BELCASTEL_1837_PB6;44.3889199310117;2.32434462405189;579;Culture;open;Anchomenus dorsalis;male;7.3
Puimoisson;RMQS_2024_PUIMOISSON_1992;RMQS_2024_PUIMOISSON_1992_PB5;43.8921670756657;6.10461897406734;712;Culture de coriande;open;Anchomenus dorsalis;female;10.6
Puimoisson;RMQS_2024_PUIMOISSON_1992;RMQS_2024_PUIMOISSON_1992_PB3;43.8921670756657;6.10461897406734;712;Culture de coriande;open;Anchomenus dorsalis;female;11.1
Puimoisson;RMQS_2024_PUIMOISSON_1992;RMQS_2024_BELCASTEL_1992_PB4;43.8921670756657;6.10461897406734;712;Culture de coriande;open;Anchomenus dorsalis;male;12.5
Bregnier-Cordon;RMQS_2024_BREGNIER-CORDON_1477;RMQS_2024_BREGNIER-CORDON_1477_PB4;45.6401693491095;5.61003921649128;209;Friche humide;open;Anchomenus dorsalis;male;3.83
Bregnier-Cordon;RMQS_2024_BREGNIER-CORDON_1477;RMQS_2024_BREGNIER-CORDON_1477_PB2;45.6401693491095;5.61003921649128;209;Friche humide;open;Anchomenus dorsalis;male;4.6
Bregnier-Cordon;RMQS_2024_BREGNIER-CORDON_1477;RMQS_2024_BREGNIER-CORDON_1477_PB2;45.6401693491095;5.61003921649128;209;Friche humide;open;Anchomenus dorsalis;male;9.78
Bregnier-Cordon;RMQS_2024_BREGNIER-CORDON_1477;RMQS_2024_BREGNIER-CORDON_1477_PB1;45.6401693491095;5.61003921649128;209;Friche humide;open;Anchomenus dorsalis;male;9.2
Le Peage-De-Roussillon;RMQS_2024_LE PEAGE-DE-ROUSILLON_1556;RMQS_2024_LE PEAGE-DE-ROUSILLON_1556_PB3;45.3690149100078;4.77475157668675;138;Verger;woodland;Anchomenus dorsalis;female;9.4
Le Peage-De-Roussillon;RMQS_2024_LE-PEAGE-DE-ROUSILLON_1556;RMQS_2024_LE-PEAGE-DE-ROUSILLON_1556_PB2;45.3690149100078;4.77475157668675;138;Verger;woodland;Anchomenus dorsalis;male;6.8
Le Peage-De-Roussillon;RMQS_2024_LE PEAGE-DE-ROUSILLON_1556;RMQS_2024_LE PEAGE-DE-ROUSILLON_1556_PB5;45.3690149100078;4.77475157668675;138;Verger;woodland;Anchomenus dorsalis;male;7.52
Le Peage-De-Roussillon;RMQS_2024_LE PEAGE-DE-ROUSILLON_1556;RMQS_2024_LE PEAGE-DE-ROUSILLON_1556_PB4;45.3690149100078;4.77475157668675;138;Verger;woodland;Anchomenus dorsalis;male;7.16
Arles;RMQS_2024_ARLES_2076;RMQS_2024_ARLES_2076_PB2;43.6487932757976;4.50250101102574;0;Pelouse écorchée à salicorne;open;Anisodactylus binotatus;female;71.3
Bregnier-Cordon;RMQS_2024_BREGNIER-CORDON_1477;RMQS_2024_BREGNIER-CORDON_1477_PB4;45.6401693491095;5.61003921649128;209;Friche humide;open;Asaphidion curtum;female;3.17
Bregnier-Cordon;RMQS_2024_BREGNIER-CORDON_1477;RMQS_2024_BREGNIER-CORDON_1477_PB4;45.6401693491095;5.61003921649128;209;Friche humide;open;Asaphidion curtum;female;1.14
Bregnier-Cordon;RMQS_2024_BREGNIER-CORDON_1477;RMQS_2024_BREGNIER-CORDON_1477_PB5;45.6401693491095;5.61003921649128;209;Friche humide;open;Asaphidion curtum;female;3.12
Bregnier-Cordon;RMQS_2024_BREGNIER-CORDON_1477;RMQS_2024_BREGNIER-CORDON_1477_PB4;45.6401693491095;5.61003921649128;209;Friche humide;open;Asaphidion curtum;male;1.35
Bregnier-Cordon;RMQS_2024_BREGNIER-CORDON_1477;RMQS_2024_BREGNIER-CORDON_1477_PB5;45.6401693491095;5.61003921649128;209;Friche humide;open;Asaphidion curtum;male;2.79
Bregnier-Cordon;RMQS_2024_BREGNIER-CORDON_1477;RMQS_2024_BREGNIER-CORDON_1477_PB5;45.6401693491095;5.61003921649128;209;Friche humide;open;Asaphidion curtum;male;2.34
Bregnier-Cordon;RMQS_2024_BREGNIER-CORDON_1477;RMQS_2024_BREGNIER-CORDON_1477_PB5;45.6401693491095;5.61003921649128;209;Friche humide;open;Asaphidion curtum;male;1.91
Bregnier-Cordon;RMQS_2024_BREGNIER-CORDON_1477;RMQS_2024_BREGNIER-CORDON_1477_PB2;45.6401693491095;5.61003921649128;209;Friche humide;open;Asaphidion curtum;male;2.56
Bregnier-Cordon;RMQS_2024_BREGNIER-CORDON_1477;RMQS_2024_BREGNIER-CORDON_1477_PB4;45.6401693491095;5.61003921649128;209;Friche humide;open;Bembidiini;female;0.14
Belmont-sur-Rance;RMQS_2024_BELMONT-SUR-RANCE_2021;RMQS_2024_BELMONT-SUR-RANCE_2021_PB2;43.8125780995336;2.72179965795729;506;Chenaie;woodland;Bembidion;female;
Le Peage-De-Roussillon;RMQS_2024_LE PEAGE-DE-ROUSILLON_1556;RMQS_2024_LE PEAGE-DE-ROUSILLON_1556_PB6;45.3690149100078;4.77475157668675;138;Verger;woodland;Bembidion obtusum;female;1.1
Le Peage-De-Roussillon;RMQS_2024_LE PEAGE-DE-ROUSILLON_1556;RMQS_2024_LE PEAGE-DE-ROUSILLON_1556_PB6;45.3690149100078;4.77475157668675;138;Verger;woodland;Bembidion obtusum;female;1.2
Le Peage-De-Roussillon;RMQS_2024_LE PEAGE-DE-ROUSILLON_1556;RMQS_2024_LE PEAGE-DE-ROUSILLON_1556_PB6;45.3690149100078;4.77475157668675;138;Verger;woodland;Bembidion obtusum;male;0.46
Lagos;RMQS_2024_LAGOS_2182;RMQS_2024_LAGOS_2182_PB2;43.2099108298878;-0.231911972629328;245;Culture;open;Bembidion properans;male;1.05
Bregnier-Cordon;RMQS_2024_BREGNIER-CORDON_1477;RMQS_2024_BREGNIER-CORDON_1477_PB5;45.6401693491095;5.61003921649128;209;Friche humide;open;Bembidion properans;female;1.08
Bregnier-Cordon;RMQS_2024_BREGNIER-CORDON_1477;RMQS_2024_BREGNIER-CORDON_1477_PB1;45.6401693491095;5.61003921649128;209;Friche humide;open;Bembidion properans;female;0.65
Bregnier-Cordon;RMQS_2024_BREGNIER-CORDON_1477;RMQS_2024_BREGNIER-CORDON_1477_PB1;45.6401693491095;5.61003921649128;209;Friche humide;open;Bembidion properans;female;0.32
Bregnier-Cordon;RMQS_2024_BREGNIER-CORDON_1477;RMQS_2024_BREGNIER-CORDON_1477_PB1;45.6401693491095;5.61003921649128;209;Friche humide;open;Bembidion properans;female;0.27
Bregnier-Cordon;RMQS_2024_BREGNIER-CORDON_1477;RMQS_2024_BREGNIER-CORDON_1477_PB3;45.6401693491095;5.61003921649128;209;Friche humide;open;Bembidion properans;female;1.25
Bregnier-Cordon;RMQS_2024_BREGNIER-CORDON_1477;RMQS_2024_BREGNIER-CORDON_1477_PB5;45.6401693491095;5.61003921649128;209;Friche humide;open;Bembidion properans;male;0.82
Bregnier-Cordon;RMQS_2024_BREGNIER-CORDON_1477;RMQS_2024_BREGNIER-CORDON_1477_PB1;45.6401693491095;5.61003921649128;209;Friche humide;open;Bembidion properans;male;0.74
Bregnier-Cordon;RMQS_2024_BREGNIER-CORDON_1477;RMQS_2024_BREGNIER-CORDON_1477_PB3;45.6401693491095;5.61003921649128;209;Friche humide;open;Bembidion properans;male;2.4
Bregnier-Cordon;RMQS_2024_BREGNIER-CORDON_1477;RMQS_2024_BREGNIER-CORDON_1477_PB3;45.6401693491095;5.61003921649128;209;Friche humide;open;Bembidion properans;male;2.15
Bregnier-Cordon;RMQS_2024_BREGNIER-CORDON_1477;RMQS_2024_BREGNIER-CORDON_1477_PB3;45.6401693491095;5.61003921649128;209;Friche humide;open;Bembidion properans;male;1.6
Le Peage-De-Roussillon;RMQS_2024_LE PEAGE-DE-ROUSILLON_1556;RMQS_2024_LE PEAGE-DE-ROUSILLON_1556_PB4;45.3690149100078;4.77475157668675;138;Verger;woodland;Bembidion properans;male;0.12
Porta;RMQS_2024_PORTA_2312;RMQS_2024_PORTA_2312_PB4;42.5280876159668;1.73446702957153;2267;Pelouse alpine;open;Bembidion pyrenaeum;female;0.35
Porta;RMQS_2024_PORTA_2312;RMQS_2024_PORTA_2312_PB4;42.5280876159668;1.73446702957153;2267;Pelouse alpine;open;Bembidion pyrenaeum;female;0.36
Porta;RMQS_2024_PORTA_2312;RMQS_2024_PORTA_2312_PB4;42.5280876159668;1.73446702957153;2267;Pelouse alpine;open;Bembidion pyrenaeum;female;0.39
Porta;RMQS_2024_PORTA_2312;RMQS_2024_PORTA_2312_PB4;42.5280876159668;1.73446702957153;2267;Pelouse alpine;open;Bembidion pyrenaeum;female;0.4
Porta;RMQS_2024_PORTA_2312;RMQS_2024_PORTA_2312_PB4;42.5280876159668;1.73446702957153;2267;Pelouse alpine;open;Bembidion pyrenaeum;female;0.41
Porta;RMQS_2024_PORTA_2312;RMQS_2024_PORTA_2312_PB4;42.5280876159668;1.73446702957153;2267;Pelouse alpine;open;Bembidion pyrenaeum;female;0.41
Porta;RMQS_2024_PORTA_2312;RMQS_2024_PORTA_2312_PB3;42.5280876159668;1.73446702957153;2267;Pelouse alpine;open;bembidion pyrenaeum;female;0.24
Porta;RMQS_2024_PORTA_2312;RMQS_2024_PORTA_2312_PB3;42.5280876159668;1.73446702957153;2267;Pelouse alpine;open;bembidion pyrenaeum;female;0.46
Porta;RMQS_2024_PORTA_2312;RMQS_2024_PORTA_2312_PB3;42.5280876159668;1.73446702957153;2267;Pelouse alpine;open;bembidion pyrenaeum;female;0.82
Porta;RMQS_2024_PORTA_2312;RMQS_2024_PORTA_2312_PB4;42.5280876159668;1.73446702957153;2267;Pelouse alpine;open;Bembidion pyrenaeum;male;0.33
Porta;RMQS_2024_PORTA_2312;RMQS_2024_PORTA_2312_PB4;42.5280876159668;1.73446702957153;2267;Pelouse alpine;open;Bembidion pyrenaeum;male;0.57
Porta;RMQS_2024_PORTA_2312;RMQS_2024_PORTA_2312_PB4;42.5280876159668;1.73446702957153;2267;Pelouse alpine;open;Bembidion pyrenaeum;male;0.41
Porta;RMQS_2024_PORTA_2312;RMQS_2024_PORTA_2312_PB4;42.5280876159668;1.73446702957153;2267;Pelouse alpine;open;Bembidion pyrenaeum;male;0.46
Porta;RMQS_2024_PORTA_2312;RMQS_2024_PORTA_2312_PB4;42.5280876159668;1.73446702957153;2267;Pelouse alpine;open;Bembidion pyrenaeum;male;0.53
Porta;RMQS_2024_PORTA_2312;RMQS_2024_PORTA_2312_PB4;42.5280876159668;1.73446702957153;2267;Pelouse alpine;open;Bembidion pyrenaeum;male;0.46
Porta;RMQS_2024_PORTA_2312;RMQS_2024_PORTA_2312_PB3;42.5280876159668;1.73446702957153;2267;Pelouse alpine;open;bembidion pyrenaeum;male;0.21
Puimoisson;RMQS_2024_PUIMOISSON_1992;RMQS_2024_PUIMOISSON_1992_PB5;43.8921670756657;6.10461897406734;712;Culture de coriande;open;Brachinus;female;26
Puimoisson;RMQS_2024_PUIMOISSON_1992;RMQS_2024_BELCASTEL_1992_PB6;43.8921670756657;6.10461897406734;712;Culture de coriande;open;Brachinus;male;36
Puimoisson;RMQS_2024_PUIMOISSON_1992;RMQS_2024_PUIMOISSON_1992_PB5;43.8921670756657;6.10461897406734;712;Culture de coriande;open;Brachinus;male;31
Bregnier-Cordon;RMQS_2024_BREGNIER-CORDON_1477;RMQS_2024_BREGNIER-CORDON_1477_PB5;45.6401693491095;5.61003921649128;209;Friche humide;open;Brachinus;female;8.43
Bregnier-Cordon;RMQS_2024_BREGNIER-CORDON_1477;RMQS_2024_BREGNIER-CORDON_1477_PB5;45.6401693491095;5.61003921649128;209;Friche humide;open;Brachinus;female;10.38
Puimoisson;RMQS_2024_PUIMOISSON_1992;RMQS_2024_PUIMOISSON_1992_PB5;43.8921670756657;6.10461897406734;712;Culture de coriande;open;Brachinus crepitans;male;20
Bregnier-Cordon;RMQS_2024_BREGNIER-CORDON_1477;RMQS_2024_BREGNIER-CORDON_1477_PB1;45.6401693491095;5.61003921649128;209;Friche humide;open;Brachinus crepitans;male;14.19
Le Peage-De-Roussillon;RMQS_2024_LE-PEAGE-DE-ROUSILLON_1556;RMQS_2024_LE-PEAGE-DE-ROUSILLON_1556_PB2;45.3690149100078;4.77475157668675;138;Verger;woodland;Brachinus explodens;female;7.2
Puimoisson;RMQS_2024_PUIMOISSON_1992;RMQS_2024_BELCASTEL_1992_PB4;43.8921670756657;6.10461897406734;712;Culture de coriande;open;Brachinus sclopeta;male;9.1
Lagos;RMQS_2024_LAGOS_2182;RMQS_2024_LAGOS_2182_PB1;43.2099108298878;-0.231911972629328;245;Culture;open;Calathus circumseptus;female;29.8
Belcastel;RMQS_2024_BELCASTEL_1837;RMQS_2024_BELCASTEL_1837_PB1;44.3889199310117;2.32434462405189;579;Culture;open;Calathus fuscipes;female;33
Belcastel;RMQS_2024_BELCASTEL_1837;RMQS_2024_BELCASTEL_1837_PB1;44.3889199310117;2.32434462405189;579;Culture;open;Calathus fuscipes;female;37
Lagos;RMQS_2024_LAGOS_2182;RMQS_2024_LAGOS_2182_PB4;43.2099108298878;-0.231911972629328;245;Culture;open;Calathus fuscipes;female;34.83
Lagos;RMQS_2024_LAGOS_2182;RMQS_2024_LAGOS_2182_PB4;43.2099108298878;-0.231911972629328;245;Culture;open;Calathus fuscipes;female;74.62
Belcastel;RMQS_2024_BELCASTEL_1837;RMQS_2024_BELCASTEL_1837_PB6;44.3889199310117;2.32434462405189;579;Culture;open;Calathus fuscipes;male;42
Belcastel;RMQS_2024_BELCASTEL_1837;RMQS_2024_BELCASTEL_1837_PB5;44.3889199310117;2.32434462405189;579;Culture;open;Calathus fuscipes;male;40
Belcastel;RMQS_2024_BELCASTEL_1837;RMQS_2024_BELCASTEL_1837_PB5;44.3889199310117;2.32434462405189;579;Culture;open;Calathus fuscipes;male;32
Belcastel;RMQS_2024_BELCASTEL_1837;RMQS_2024_BELCASTEL_1837_PB5;44.3889199310117;2.32434462405189;579;Culture;open;Calathus fuscipes;male;52
Belcastel;RMQS_2024_BELCASTEL_1837;RMQS_2024_BELCASTEL_1837_PB5;44.3889199310117;2.32434462405189;579;Culture;open;Calathus fuscipes;male;55
Lagos;RMQS_2024_LAGOS_2182;RMQS_2024_LAGOS_2182_PB4;43.2099108298878;-0.231911972629328;245;Culture;open;Calathus fuscipes;male;36.93
Puimoisson;RMQS_2024_PUIMOISSON_1992;RMQS_2024_BELCASTEL_1992_PB2;43.8921670756657;6.10461897406734;712;Culture de coriande;open;Calathus fuscipes;female;59
Puimoisson;RMQS_2024_PUIMOISSON_1992;RMQS_2024_BELCASTEL_1992_PB2;43.8921670756657;6.10461897406734;712;Culture de coriande;open;Calathus fuscipes;female;121
Puimoisson;RMQS_2024_PUIMOISSON_1992;RMQS_2024_BELCASTEL_1992_PB2;43.8921670756657;6.10461897406734;712;Culture de coriande;open;Calathus fuscipes;female;94
Puimoisson;RMQS_2024_PUIMOISSON_1992;RMQS_2024_BELCASTEL_1992_PB6;43.8921670756657;6.10461897406734;712;Culture de coriande;open;Calathus fuscipes;male;86
Puimoisson;RMQS_2024_PUIMOISSON_1992;RMQS_2024_BELCASTEL_1992_PB2;43.8921670756657;6.10461897406734;712;Culture de coriande;open;Calathus fuscipes;male;84
Puimoisson;RMQS_2024_PUIMOISSON_1992;RMQS_2024_PUIMOISSON_1992_PB5;43.8921670756657;6.10461897406734;712;Culture de coriande;open;Calathus fuscipes;male;84
Puimoisson;RMQS_2024_PUIMOISSON_1992;RMQS_2024_PUIMOISSON_1992_PB5;43.8921670756657;6.10461897406734;712;Culture de coriande;open;Calathus fuscipes;male;35
Le Mas;RMQS_2024_LE MAS_1996;RMQS_2024_LE MAS_1996_PB3;43.8563416618755;6.90327394449335;757;Prairie;open;Calathus fuscipes;female;100.7
Le Mas;RMQS_2024_LE MAS_1996;RMQS_2024_LE MAS_1996_PB3;43.8563416618755;6.90327394449335;757;Prairie;open;Calathus fuscipes;male;57.3
Auzon;RMQS_2024_AUZON_1549;RMQS_2024_AUZON_1549_PB3;45.3911047765517;3.34517713570663;400;Prairie de fauche;open;Calathus fuscipes;female;48.17
Auzon;RMQS_2024_AUZON_1549;RMQS_2024_AUZON_1549_PB6;45.3911047765517;3.34517713570663;400;Prairie de fauche;open;Calathus fuscipes;female;52.9
Puimoisson;RMQS_2024_PUIMOISSON_1992;RMQS_2024_PUIMOISSON_1992_PB5;43.8921670756657;6.10461897406734;712;Culture de coriande;open;Calathus melanocephalus;male;2.33
Porta;RMQS_2024_PORTA_2312;RMQS_2024_PORTA_2312_PB1;42.5280876159668;1.73446702957153;2267;Pelouse alpine;open;Calathus melanocephalus;male;9.67
Belmont-sur-Rance;RMQS_2024_BELMONT-SUR-RANCE_2021;RMQS_2024_BELMONT-SUR-RANCE_2021_PB6;43.8125780995336;2.72179965795729;506;Chenaie;woodland;Carabus auratus;female;473
Belmont-sur-Rance;RMQS_2024_BELMONT-SUR-RANCE_2021;RMQS_2024_BELMONT-SUR-RANCE_2021_PB5;43.8125780995336;2.72179965795729;506;Chenaie;woodland;Carabus auratus;female;434
Belmont-sur-Rance;RMQS_2024_BELMONT-SUR-RANCE_2021;RMQS_2024_BELMONT-SUR-RANCE_2021_PB5;43.8125780995336;2.72179965795729;506;Chenaie;woodland;Carabus auratus;female;405
Belmont-sur-Rance;RMQS_2024_BELMONT-SUR-RANCE_2021;RMQS_2024_BELMONT-SUR-RANCE_2021_PB5;43.8125780995336;2.72179965795729;506;Chenaie;woodland;Carabus auratus;female;441
Belmont-sur-Rance;RMQS_2024_BELMONT-SUR-RANCE_2021;RMQS_2024_BELMONT-SUR-RANCE_2021_PB5;43.8125780995336;2.72179965795729;506;Chenaie;woodland;Carabus auratus;female;806
Belmont-sur-Rance;RMQS_2024_BELMONT-SUR-RANCE_2021;RMQS_2024_BELMONT-SUR-RANCE_2021_PB5;43.8125780995336;2.72179965795729;506;Chenaie;woodland;Carabus auratus;female;535
Belmont-sur-Rance;RMQS_2024_BELMONT-SUR-RANCE_2021;RMQS_2024_BELMONT-SUR-RANCE_2021_PB5;43.8125780995336;2.72179965795729;506;Chenaie;woodland;Carabus auratus;female;609
Belmont-sur-Rance;RMQS_2024_BELMONT-SUR-RANCE_2021;RMQS_2024_BELMONT-SUR-RANCE_2021_PB5;43.8125780995336;2.72179965795729;506;Chenaie;woodland;Carabus auratus;female;765
Belmont-sur-Rance;RMQS_2024_BELMONT-SUR-RANCE_2021;RMQS_2024_BELMONT-SUR-RANCE_2021_PB5;43.8125780995336;2.72179965795729;506;Chenaie;woodland;Carabus auratus;female;655
Belmont-sur-Rance;RMQS_2024_BELMONT-SUR-RANCE_2021;RMQS_2024_BELMONT-SUR-RANCE_2021_PB5;43.8125780995336;2.72179965795729;506;Chenaie;woodland;Carabus auratus;female;338
Belmont-sur-Rance;RMQS_2024_BELMONT-SUR-RANCE_2021;RMQS_2024_BELMONT-SUR-RANCE_2021_PB5;43.8125780995336;2.72179965795729;506;Chenaie;woodland;Carabus auratus;female;450
Belmont-sur-Rance;RMQS_2024_BELMONT-SUR-RANCE_2021;RMQS_2024_BELMONT-SUR-RANCE_2021_PB5;43.8125780995336;2.72179965795729;506;Chenaie;woodland;Carabus auratus;female;575
Belmont-sur-Rance;RMQS_2024_BELMONT-SUR-RANCE_2021;RMQS_2024_BELMONT-SUR-RANCE_2021_PB5;43.8125780995336;2.72179965795729;506;Chenaie;woodland;Carabus auratus;female;470
Belmont-sur-Rance;RMQS_2024_BELMONT-SUR-RANCE_2021;RMQS_2024_BELMONT-SUR-RANCE_2021_PB5;43.8125780995336;2.72179965795729;506;Chenaie;woodland;Carabus auratus;female;397
Belmont-sur-Rance;RMQS_2024_BELMONT-SUR-RANCE_2021;RMQS_2024_BELMONT-SUR-RANCE_2021_PB5;43.8125780995336;2.72179965795729;506;Chenaie;woodland;Carabus auratus;female;492
Belmont-sur-Rance;RMQS_2024_BELMONT-SUR-RANCE_2021;RMQS_2024_BELMONT-SUR-RANCE_2021_PB5;43.8125780995336;2.72179965795729;506;Chenaie;woodland;Carabus auratus;female;428
Belmont-sur-Rance;RMQS_2024_BELMONT-SUR-RANCE_2021;RMQS_2024_BELMONT-SUR-RANCE_2021_PB5;43.8125780995336;2.72179965795729;506;Chenaie;woodland;Carabus auratus;female;425
Belmont-sur-Rance;RMQS_2024_BELMONT-SUR-RANCE_2021;RMQS_2024_BELMONT-SUR-RANCE_2021_PB5;43.8125780995336;2.72179965795729;506;Chenaie;woodland;Carabus auratus;female;457
Belmont-sur-Rance;RMQS_2024_BELMONT-SUR-RANCE_2021;RMQS_2024_BELMONT-SUR-RANCE_2021_PB5;43.8125780995336;2.72179965795729;506;Chenaie;woodland;Carabus auratus;female;417
Belmont-sur-Rance;RMQS_2024_BELMONT-SUR-RANCE_2021;RMQS_2024_BELMONT-SUR-RANCE_2021_PB4;43.8125780995336;2.72179965795729;506;Chenaie;woodland;Carabus auratus;female;558
Belmont-sur-Rance;RMQS_2024_BELMONT-SUR-RANCE_2021;RMQS_2024_BELMONT-SUR-RANCE_2021_PB4;43.8125780995336;2.72179965795729;506;Chenaie;woodland;Carabus auratus;female;450
Belmont-sur-Rance;RMQS_2024_BELMONT-SUR-RANCE_2021;RMQS_2024_BELMONT-SUR-RANCE_2021_PB4;43.8125780995336;2.72179965795729;506;Chenaie;woodland;Carabus auratus;female;627
Belmont-sur-Rance;RMQS_2024_BELMONT-SUR-RANCE_2021;RMQS_2024_BELMONT-SUR-RANCE_2021_PB4;43.8125780995336;2.72179965795729;506;Chenaie;woodland;Carabus auratus;female;468
Belmont-sur-Rance;RMQS_2024_BELMONT-SUR-RANCE_2021;RMQS_2024_BELMONT-SUR-RANCE_2021_PB4;43.8125780995336;2.72179965795729;506;Chenaie;woodland;Carabus auratus;female;610
Belmont-sur-Rance;RMQS_2024_BELMONT-SUR-RANCE_2021;RMQS_2024_BELMONT-SUR-RANCE_2021_PB4;43.8125780995336;2.72179965795729;506;Chenaie;woodland;Carabus auratus;female;509
Belmont-sur-Rance;RMQS_2024_BELMONT-SUR-RANCE_2021;RMQS_2024_BELMONT-SUR-RANCE_2021_PB4;43.8125780995336;2.72179965795729;506;Chenaie;woodland;Carabus auratus;female;531
Belmont-sur-Rance;RMQS_2024_BELMONT-SUR-RANCE_2021;RMQS_2024_BELMONT-SUR-RANCE_2021_PB4;43.8125780995336;2.72179965795729;506;Chenaie;woodland;Carabus auratus;female;659
Belmont-sur-Rance;RMQS_2024_BELMONT-SUR-RANCE_2021;RMQS_2024_BELMONT-SUR-RANCE_2021_PB4;43.8125780995336;2.72179965795729;506;Chenaie;woodland;Carabus auratus;female;541
Belmont-sur-Rance;RMQS_2024_BELMONT-SUR-RANCE_2021;RMQS_2024_BELMONT-SUR-RANCE_2021_PB4;43.8125780995336;2.72179965795729;506;Chenaie;woodland;Carabus auratus;female;526
Belmont-sur-Rance;RMQS_2024_BELMONT-SUR-RANCE_2021;RMQS_2024_BELMONT-SUR-RANCE_2021_PB4;43.8125780995336;2.72179965795729;506;Chenaie;woodland;Carabus auratus;female;770
Belmont-sur-Rance;RMQS_2024_BELMONT-SUR-RANCE_2021;RMQS_2024_BELMONT-SUR-RANCE_2021_PB4;43.8125780995336;2.72179965795729;506;Chenaie;woodland;Carabus auratus;female;490
Belmont-sur-Rance;RMQS_2024_BELMONT-SUR-RANCE_2021;RMQS_2024_BELMONT-SUR-RANCE_2021_PB4;43.8125780995336;2.72179965795729;506;Chenaie;woodland;Carabus auratus;female;621
Belmont-sur-Rance;RMQS_2024_BELMONT-SUR-RANCE_2021;RMQS_2024_BELMONT-SUR-RANCE_2021_PB4;43.8125780995336;2.72179965795729;506;Chenaie;woodland;Carabus auratus;female;527
Belmont-sur-Rance;RMQS_2024_BELMONT-SUR-RANCE_2021;RMQS_2024_BELMONT-SUR-RANCE_2021_PB4;43.8125780995336;2.72179965795729;506;Chenaie;woodland;Carabus auratus;female;630
Belmont-sur-Rance;RMQS_2024_BELMONT-SUR-RANCE_2021;RMQS_2024_BELMONT-SUR-RANCE_2021_PB3;43.8125780995336;2.72179965795729;506;Chenaie;woodland;Carabus auratus;female;628
Belmont-sur-Rance;RMQS_2024_BELMONT-SUR-RANCE_2021;RMQS_2024_BELMONT-SUR-RANCE_2021_PB3;43.8125780995336;2.72179965795729;506;Chenaie;woodland;Carabus auratus;female;605
Belmont-sur-Rance;RMQS_2024_BELMONT-SUR-RANCE_2021;RMQS_2024_BELMONT-SUR-RANCE_2021_PB3;43.8125780995336;2.72179965795729;506;Chenaie;woodland;Carabus auratus;female;578
Belmont-sur-Rance;RMQS_2024_BELMONT-SUR-RANCE_2021;RMQS_2024_BELMONT-SUR-RANCE_2021_PB3;43.8125780995336;2.72179965795729;506;Chenaie;woodland;Carabus auratus;female;695
Belmont-sur-Rance;RMQS_2024_BELMONT-SUR-RANCE_2021;RMQS_2024_BELMONT-SUR-RANCE_2021_PB3;43.8125780995336;2.72179965795729;506;Chenaie;woodland;Carabus auratus;female;619
Belmont-sur-Rance;RMQS_2024_BELMONT-SUR-RANCE_2021;RMQS_2024_BELMONT-SUR-RANCE_2021_PB3;43.8125780995336;2.72179965795729;506;Chenaie;woodland;Carabus auratus;female;546
Belmont-sur-Rance;RMQS_2024_BELMONT-SUR-RANCE_2021;RMQS_2024_BELMONT-SUR-RANCE_2021_PB3;43.8125780995336;2.72179965795729;506;Chenaie;woodland;Carabus auratus;female;459
Belmont-sur-Rance;RMQS_2024_BELMONT-SUR-RANCE_2021;RMQS_2024_BELMONT-SUR-RANCE_2021_PB3;43.8125780995336;2.72179965795729;506;Chenaie;woodland;Carabus auratus;female;519
Belmont-sur-Rance;RMQS_2024_BELMONT-SUR-RANCE_2021;RMQS_2024_BELMONT-SUR-RANCE_2021_PB3;43.8125780995336;2.72179965795729;506;Chenaie;woodland;Carabus auratus;female;532
Belmont-sur-Rance;RMQS_2024_BELMONT-SUR-RANCE_2021;RMQS_2024_BELMONT-SUR-RANCE_2021_PB3;43.8125780995336;2.72179965795729;506;Chenaie;woodland;Carabus auratus;female;582
Belmont-sur-Rance;RMQS_2024_BELMONT-SUR-RANCE_2021;RMQS_2024_BELMONT-SUR-RANCE_2021_PB3;43.8125780995336;2.72179965795729;506;Chenaie;woodland;Carabus auratus;female;633
Belmont-sur-Rance;RMQS_2024_BELMONT-SUR-RANCE_2021;RMQS_2024_BELMONT-SUR-RANCE_2021_PB2;43.8125780995336;2.72179965795729;506;Chenaie;woodland;Carabus auratus;female;371
Belmont-sur-Rance;RMQS_2024_BELMONT-SUR-RANCE_2021;RMQS_2024_BELMONT-SUR-RANCE_2021_PB2;43.8125780995336;2.72179965795729;506;Chenaie;woodland;Carabus auratus;female;732
Belmont-sur-Rance;RMQS_2024_BELMONT-SUR-RANCE_2021;RMQS_2024_BELMONT-SUR-RANCE_2021_PB2;43.8125780995336;2.72179965795729;506;Chenaie;woodland;Carabus auratus;female;585
Belmont-sur-Rance;RMQS_2024_BELMONT-SUR-RANCE_2021;RMQS_2024_BELMONT-SUR-RANCE_2021_PB2;43.8125780995336;2.72179965795729;506;Chenaie;woodland;Carabus auratus;female;525
Belmont-sur-Rance;RMQS_2024_BELMONT-SUR-RANCE_2021;RMQS_2024_BELMONT-SUR-RANCE_2021_PB1;43.8125780995336;2.72179965795729;506;Chenaie;woodland;Carabus auratus;female;587
Belmont-sur-Rance;RMQS_2024_BELMONT-SUR-RANCE_2021;RMQS_2024_BELMONT-SUR-RANCE_2021_PB1;43.8125780995336;2.72179965795729;506;Chenaie;woodland;Carabus auratus;female;412
Belmont-sur-Rance;RMQS_2024_BELMONT-SUR-RANCE_2021;RMQS_2024_BELMONT-SUR-RANCE_2021_PB1;43.8125780995336;2.72179965795729;506;Chenaie;woodland;Carabus auratus;female;771
Belmont-sur-Rance;RMQS_2024_BELMONT-SUR-RANCE_2021;RMQS_2024_BELMONT-SUR-RANCE_2021_PB1;43.8125780995336;2.72179965795729;506;Chenaie;woodland;Carabus auratus;female;786
Belmont-sur-Rance;RMQS_2024_BELMONT-SUR-RANCE_2021;RMQS_2024_BELMONT-SUR-RANCE_2021_PB1;43.8125780995336;2.72179965795729;506;Chenaie;woodland;Carabus auratus;female;664
Belmont-sur-Rance;RMQS_2024_BELMONT-SUR-RANCE_2021;RMQS_2024_BELMONT-SUR-RANCE_2021_PB1;43.8125780995336;2.72179965795729;506;Chenaie;woodland;Carabus auratus;female;231
Belmont-sur-Rance;RMQS_2024_BELMONT-SUR-RANCE_2021;RMQS_2024_BELMONT-SUR-RANCE_2021_PB1;43.8125780995336;2.72179965795729;506;Chenaie;woodland;Carabus auratus;female;672
Belmont-sur-Rance;RMQS_2024_BELMONT-SUR-RANCE_2021;RMQS_2024_BELMONT-SUR-RANCE_2021_PB1;43.8125780995336;2.72179965795729;506;Chenaie;woodland;Carabus auratus;female;337
Belmont-sur-Rance;RMQS_2024_BELMONT-SUR-RANCE_2021;RMQS_2024_BELMONT-SUR-RANCE_2021_PB1;43.8125780995336;2.72179965795729;506;Chenaie;woodland;Carabus auratus;female;693
Belmont-sur-Rance;RMQS_2024_BELMONT-SUR-RANCE_2021;RMQS_2024_BELMONT-SUR-RANCE_2021_PB1;43.8125780995336;2.72179965795729;506;Chenaie;woodland;Carabus auratus;female;423
Belmont-sur-Rance;RMQS_2024_BELMONT-SUR-RANCE_2021;RMQS_2024_BELMONT-SUR-RANCE_2021_PB1;43.8125780995336;2.72179965795729;506;Chenaie;woodland;Carabus auratus;female;344
Belmont-sur-Rance;RMQS_2024_BELMONT-SUR-RANCE_2021;RMQS_2024_BELMONT-SUR-RANCE_2021_PB1;43.8125780995336;2.72179965795729;506;Chenaie;woodland;Carabus auratus;female;694
Belmont-sur-Rance;RMQS_2024_BELMONT-SUR-RANCE_2021;RMQS_2024_BELMONT-SUR-RANCE_2021_PB1;43.8125780995336;2.72179965795729;506;Chenaie;woodland;Carabus auratus;female;423
Belmont-sur-Rance;RMQS_2024_BELMONT-SUR-RANCE_2021;RMQS_2024_BELMONT-SUR-RANCE_2021_PB1;43.8125780995336;2.72179965795729;506;Chenaie;woodland;Carabus auratus;female;750
Belmont-sur-Rance;RMQS_2024_BELMONT-SUR-RANCE_2021;RMQS_2024_BELMONT-SUR-RANCE_2021_PB1;43.8125780995336;2.72179965795729;506;Chenaie;woodland;Carabus auratus;female;589
Belmont-sur-Rance;RMQS_2024_BELMONT-SUR-RANCE_2021;RMQS_2024_BELMONT-SUR-RANCE_2021_PB1;43.8125780995336;2.72179965795729;506;Chenaie;woodland;Carabus auratus;female;415
Belmont-sur-Rance;RMQS_2024_BELMONT-SUR-RANCE_2021;RMQS_2024_BELMONT-SUR-RANCE_2021_PB1;43.8125780995336;2.72179965795729;506;Chenaie;woodland;Carabus auratus;female;905
Belmont-sur-Rance;RMQS_2024_BELMONT-SUR-RANCE_2021;RMQS_2024_BELMONT-SUR-RANCE_2021_PB6;43.8125780995336;2.72179965795729;506;Chenaie;woodland;Carabus auratus;male;298
Belmont-sur-Rance;RMQS_2024_BELMONT-SUR-RANCE_2021;RMQS_2024_BELMONT-SUR-RANCE_2021_PB6;43.8125780995336;2.72179965795729;506;Chenaie;woodland;Carabus auratus;male;456
Belmont-sur-Rance;RMQS_2024_BELMONT-SUR-RANCE_2021;RMQS_2024_BELMONT-SUR-RANCE_2021_PB6;43.8125780995336;2.72179965795729;506;Chenaie;woodland;Carabus auratus;male;496
Belmont-sur-Rance;RMQS_2024_BELMONT-SUR-RANCE_2021;RMQS_2024_BELMONT-SUR-RANCE_2021_PB6;43.8125780995336;2.72179965795729;506;Chenaie;woodland;Carabus auratus;male;371
Belmont-sur-Rance;RMQS_2024_BELMONT-SUR-RANCE_2021;RMQS_2024_BELMONT-SUR-RANCE_2021_PB6;43.8125780995336;2.72179965795729;506;Chenaie;woodland;Carabus auratus;male;405
Belmont-sur-Rance;RMQS_2024_BELMONT-SUR-RANCE_2021;RMQS_2024_BELMONT-SUR-RANCE_2021_PB5;43.8125780995336;2.72179965795729;506;Chenaie;woodland;Carabus auratus;male;250
Belmont-sur-Rance;RMQS_2024_BELMONT-SUR-RANCE_2021;RMQS_2024_BELMONT-SUR-RANCE_2021_PB5;43.8125780995336;2.72179965795729;506;Chenaie;woodland;Carabus auratus;male;430
Belmont-sur-Rance;RMQS_2024_BELMONT-SUR-RANCE_2021;RMQS_2024_BELMONT-SUR-RANCE_2021_PB5;43.8125780995336;2.72179965795729;506;Chenaie;woodland;Carabus auratus;male;436
Belmont-sur-Rance;RMQS_2024_BELMONT-SUR-RANCE_2021;RMQS_2024_BELMONT-SUR-RANCE_2021_PB5;43.8125780995336;2.72179965795729;506;Chenaie;woodland;Carabus auratus;male;469
Belmont-sur-Rance;RMQS_2024_BELMONT-SUR-RANCE_2021;RMQS_2024_BELMONT-SUR-RANCE_2021_PB5;43.8125780995336;2.72179965795729;506;Chenaie;woodland;Carabus auratus;male;443
Belmont-sur-Rance;RMQS_2024_BELMONT-SUR-RANCE_2021;RMQS_2024_BELMONT-SUR-RANCE_2021_PB5;43.8125780995336;2.72179965795729;506;Chenaie;woodland;Carabus auratus;male;388
Belmont-sur-Rance;RMQS_2024_BELMONT-SUR-RANCE_2021;RMQS_2024_BELMONT-SUR-RANCE_2021_PB5;43.8125780995336;2.72179965795729;506;Chenaie;woodland;Carabus auratus;male;405
Belmont-sur-Rance;RMQS_2024_BELMONT-SUR-RANCE_2021;RMQS_2024_BELMONT-SUR-RANCE_2021_PB5;43.8125780995336;2.72179965795729;506;Chenaie;woodland;Carabus auratus;male;450
Belmont-sur-Rance;RMQS_2024_BELMONT-SUR-RANCE_2021;RMQS_2024_BELMONT-SUR-RANCE_2021_PB5;43.8125780995336;2.72179965795729;506;Chenaie;woodland;Carabus auratus;male;707
Belmont-sur-Rance;RMQS_2024_BELMONT-SUR-RANCE_2021;RMQS_2024_BELMONT-SUR-RANCE_2021_PB4;43.8125780995336;2.72179965795729;506;Chenaie;woodland;Carabus auratus;male;297
Belmont-sur-Rance;RMQS_2024_BELMONT-SUR-RANCE_2021;RMQS_2024_BELMONT-SUR-RANCE_2021_PB4;43.8125780995336;2.72179965795729;506;Chenaie;woodland;Carabus auratus;male;291
Belmont-sur-Rance;RMQS_2024_BELMONT-SUR-RANCE_2021;RMQS_2024_BELMONT-SUR-RANCE_2021_PB4;43.8125780995336;2.72179965795729;506;Chenaie;woodland;Carabus auratus;male;372
Belmont-sur-Rance;RMQS_2024_BELMONT-SUR-RANCE_2021;RMQS_2024_BELMONT-SUR-RANCE_2021_PB4;43.8125780995336;2.72179965795729;506;Chenaie;woodland;Carabus auratus;male;297
Belmont-sur-Rance;RMQS_2024_BELMONT-SUR-RANCE_2021;RMQS_2024_BELMONT-SUR-RANCE_2021_PB4;43.8125780995336;2.72179965795729;506;Chenaie;woodland;Carabus auratus;male;345
Belmont-sur-Rance;RMQS_2024_BELMONT-SUR-RANCE_2021;RMQS_2024_BELMONT-SUR-RANCE_2021_PB3;43.8125780995336;2.72179965795729;506;Chenaie;woodland;Carabus auratus;male;516
Belmont-sur-Rance;RMQS_2024_BELMONT-SUR-RANCE_2021;RMQS_2024_BELMONT-SUR-RANCE_2021_PB3;43.8125780995336;2.72179965795729;506;Chenaie;woodland;Carabus auratus;male;399
Belmont-sur-Rance;RMQS_2024_BELMONT-SUR-RANCE_2021;RMQS_2024_BELMONT-SUR-RANCE_2021_PB3;43.8125780995336;2.72179965795729;506;Chenaie;woodland;Carabus auratus;male;338
Belmont-sur-Rance;RMQS_2024_BELMONT-SUR-RANCE_2021;RMQS_2024_BELMONT-SUR-RANCE_2021_PB1;43.8125780995336;2.72179965795729;506;Chenaie;woodland;Carabus auratus;male;552
Belmont-sur-Rance;RMQS_2024_BELMONT-SUR-RANCE_2021;RMQS_2024_BELMONT-SUR-RANCE_2021_PB1;43.8125780995336;2.72179965795729;506;Chenaie;woodland;Carabus auratus;male;495
Belmont-sur-Rance;RMQS_2024_BELMONT-SUR-RANCE_2021;RMQS_2024_BELMONT-SUR-RANCE_2021_PB1;43.8125780995336;2.72179965795729;506;Chenaie;woodland;Carabus auratus;male;298
Belmont-sur-Rance;RMQS_2024_BELMONT-SUR-RANCE_2021;RMQS_2024_BELMONT-SUR-RANCE_2021_PB1;43.8125780995336;2.72179965795729;506;Chenaie;woodland;Carabus auratus;male;366
Belcastel;RMQS_2024_BELCASTEL_1837;RMQS_2024_BELCASTEL_1837_PB2;44.3889199310117;2.32434462405189;579;Culture;open;Carabus auratus;male;586
Belcastel;RMQS_2024_BELCASTEL_1837;RMQS_2024_BELCASTEL_1837_PB2;44.3889199310117;2.32434462405189;579;Culture;open;Carabus auratus;male;734
Belcastel;RMQS_2024_BELCASTEL_1837;RMQS_2024_BELCASTEL_1837_PB2;44.3889199310117;2.32434462405189;579;Culture;open;Carabus auratus;male;538
Belcastel;RMQS_2024_BELCASTEL_1837;RMQS_2024_BELCASTEL_1837_PB2;44.3889199310117;2.32434462405189;579;Culture;open;Carabus auratus;male;631
Belcastel;RMQS_2024_BELCASTEL_1837;RMQS_2024_BELCASTEL_1837_PB2;44.3889199310117;2.32434462405189;579;Culture;open;Carabus auratus;male;648
Belcastel;RMQS_2024_BELCASTEL_1837;RMQS_2024_BELCASTEL_1837_PB2;44.3889199310117;2.32434462405189;579;Culture;open;Carabus auratus;male;501
Belcastel;RMQS_2024_BELCASTEL_1837;RMQS_2024_BELCASTEL_1837_PB2;44.3889199310117;2.32434462405189;579;Culture;open;Carabus auratus;male;509
Belcastel;RMQS_2024_BELCASTEL_1837;RMQS_2024_BELCASTEL_1837_PB2;44.3889199310117;2.32434462405189;579;Culture;open;Carabus auratus;male;542
Belcastel;RMQS_2024_BELCASTEL_1837;RMQS_2024_BELCASTEL_1837_PB2;44.3889199310117;2.32434462405189;579;Culture;open;Carabus auratus;male;589
Belcastel;RMQS_2024_BELCASTEL_1837;RMQS_2024_BELCASTEL_1837_PB2;44.3889199310117;2.32434462405189;579;Culture;open;Carabus auratus;male;590
Belcastel;RMQS_2024_BELCASTEL_1837;RMQS_2024_BELCASTEL_1837_PB2;44.3889199310117;2.32434462405189;579;Culture;open;Carabus auratus;male;516
Belcastel;RMQS_2024_BELCASTEL_1837;RMQS_2024_BELCASTEL_1837_PB2;44.3889199310117;2.32434462405189;579;Culture;open;Carabus auratus;male;548
Belcastel;RMQS_2024_BELCASTEL_1837;RMQS_2024_BELCASTEL_1837_PB2;44.3889199310117;2.32434462405189;579;Culture;open;Carabus auratus;male;596
Belcastel;RMQS_2024_BELCASTEL_1837;RMQS_2024_BELCASTEL_1837_PB2;44.3889199310117;2.32434462405189;579;Culture;open;Carabus auratus;male;525
Belcastel;RMQS_2024_BELCASTEL_1837;RMQS_2024_BELCASTEL_1837_PB3;44.3889199310117;2.32434462405189;579;Culture;open;Carabus auratus;male;598
Belcastel;RMQS_2024_BELCASTEL_1837;RMQS_2024_BELCASTEL_1837_PB3;44.3889199310117;2.32434462405189;579;Culture;open;Carabus auratus;male;463
Belcastel;RMQS_2024_BELCASTEL_1837;RMQS_2024_BELCASTEL_1837_PB3;44.3889199310117;2.32434462405189;579;Culture;open;Carabus auratus;male;163
Belcastel;RMQS_2024_BELCASTEL_1837;RMQS_2024_BELCASTEL_1837_PB3;44.3889199310117;2.32434462405189;579;Culture;open;Carabus auratus;male;544
Belcastel;RMQS_2024_BELCASTEL_1837;RMQS_2024_BELCASTEL_1837_PB6;44.3889199310117;2.32434462405189;579;Culture;open;Carabus auratus;male;556
Belcastel;RMQS_2024_BELCASTEL_1837;RMQS_2024_BELCASTEL_1837_PB6;44.3889199310117;2.32434462405189;579;Culture;open;Carabus auratus;male;528
Belcastel;RMQS_2024_BELCASTEL_1837;RMQS_2024_BELCASTEL_1837_PB6;44.3889199310117;2.32434462405189;579;Culture;open;Carabus auratus;male;401
Belcastel;RMQS_2024_BELCASTEL_1837;RMQS_2024_BELCASTEL_1837_PB4;44.3889199310117;2.32434462405189;579;Culture;open;Carabus auratus;male;604
Belcastel;RMQS_2024_BELCASTEL_1837;RMQS_2024_BELCASTEL_1837_PB4;44.3889199310117;2.32434462405189;579;Culture;open;Carabus auratus;male;647
Belcastel;RMQS_2024_BELCASTEL_1837;RMQS_2024_BELCASTEL_1837_PB4;44.3889199310117;2.32434462405189;579;Culture;open;Carabus auratus;male;722
Belcastel;RMQS_2024_BELCASTEL_1837;RMQS_2024_BELCASTEL_1837_PB4;44.3889199310117;2.32434462405189;579;Culture;open;Carabus auratus;male;637
Belcastel;RMQS_2024_BELCASTEL_1837;RMQS_2024_BELCASTEL_1837_PB4;44.3889199310117;2.32434462405189;579;Culture;open;Carabus auratus;male;485
Belcastel;RMQS_2024_BELCASTEL_1837;RMQS_2024_BELCASTEL_1837_PB4;44.3889199310117;2.32434462405189;579;Culture;open;Carabus auratus;male;582
Belcastel;RMQS_2024_BELCASTEL_1837;RMQS_2024_BELCASTEL_1837_PB4;44.3889199310117;2.32434462405189;579;Culture;open;Carabus auratus;male;538
Belcastel;RMQS_2024_BELCASTEL_1837;RMQS_2024_BELCASTEL_1837_PB4;44.3889199310117;2.32434462405189;579;Culture;open;Carabus auratus;male;592
Belcastel;RMQS_2024_BELCASTEL_1837;RMQS_2024_BELCASTEL_1837_PB5;44.3889199310117;2.32434462405189;579;Culture;open;Carabus auratus;male;477
Belcastel;RMQS_2024_BELCASTEL_1837;RMQS_2024_BELCASTEL_1837_PB5;44.3889199310117;2.32434462405189;579;Culture;open;Carabus auratus;male;566
Belcastel;RMQS_2024_BELCASTEL_1837;RMQS_2024_BELCASTEL_1837_PB5;44.3889199310117;2.32434462405189;579;Culture;open;Carabus auratus;male;647
Belcastel;RMQS_2024_BELCASTEL_1837;RMQS_2024_BELCASTEL_1837_PB5;44.3889199310117;2.32434462405189;579;Culture;open;Carabus auratus;male;585
Belcastel;RMQS_2024_BELCASTEL_1837;RMQS_2024_BELCASTEL_1837_PB5;44.3889199310117;2.32434462405189;579;Culture;open;Carabus auratus;male;534
Belcastel;RMQS_2024_BELCASTEL_1837;RMQS_2024_BELCASTEL_1837_PB3;44.3889199310117;2.32434462405189;579;Culture;open;Carabus auratus;female;639
Belmont-sur-Rance;RMQS_2024_BELMONT-SUR-RANCE_2021;RMQS_2024_BELMONT-SUR-RANCE_2021_PB1;43.8125780995336;2.72179965795729;506;Chenaie;woodland;Carabus nemoralis;female;651
Puimoisson;RMQS_2024_PUIMOISSON_1992;RMQS_2024_BELCASTEL_1992_PB1;43.8921670756657;6.10461897406734;712;Culture de coriande;open;Carabus problematicus;male;653
Puimoisson;RMQS_2024_PUIMOISSON_1992;RMQS_2024_PUIMOISSON_1992_PB5;43.8921670756657;6.10461897406734;712;Culture de coriande;open;Carabus problematicus;male;608
Bregnier-Cordon;RMQS_2024_BREGNIER-CORDON_1477;RMQS_2024_BREGNIER-CORDON_1477_PB4;45.6401693491095;5.61003921649128;209;Friche humide;open;Chlaenius tibialis;male;30.9
Bregnier-Cordon;RMQS_2024_BREGNIER-CORDON_1477;RMQS_2024_BREGNIER-CORDON_1477_PB4;45.6401693491095;5.61003921649128;209;Friche humide;open;Chlaenius vestitus;male;32.7
Lagos;RMQS_2024_LAGOS_2182;RMQS_2024_LAGOS_2182_PB6;43.2099108298878;-0.231911972629328;245;Culture;open;Clivina collaris;female;5
Auzon;RMQS_2024_AUZON_1549;RMQS_2024_AUZON_1549_PB4;45.3911047765517;3.34517713570663;400;Prairie de fauche;open;Diachromus germanus;female;37.73
Auzon;RMQS_2024_AUZON_1549;RMQS_2024_AUZON_1549_PB6;45.3911047765517;3.34517713570663;400;Prairie de fauche;open;Diachromus germanus;female;42.43
Auzon;RMQS_2024_AUZON_1549;RMQS_2024_AUZON_1549_PB6;45.3911047765517;3.34517713570663;400;Prairie de fauche;open;Diachromus germanus;male;33.15
Le Mas;RMQS_2024_LE MAS_1996;RMQS_2024_LE MAS_1996_PB3;43.8563416618755;6.90327394449335;757;Prairie;open;Harpalus;male;37.4
Auzon;RMQS_2024_AUZON_1549;RMQS_2024_AUZON_1549_PB6;45.3911047765517;3.34517713570663;400;Prairie de fauche;open;Harpalus;female;14.47
Le Peage-De-Roussillon;RMQS_2024_LE-PEAGE-DE-ROUSILLON_1556;RMQS_2024_LE-PEAGE-DE-ROUSILLON_1556_PB5;45.3690149100078;4.77475157668675;138;Verger;woodland;Harpalus affinis;female;44.5
Le Peage-De-Roussillon;RMQS_2024_LE-PEAGE-DE-ROUSILLON_1556;RMQS_2024_LE-PEAGE-DE-ROUSILLON_1556_PB1;45.3690149100078;4.77475157668675;138;Verger;woodland;Harpalus affinis;male;43
Le Peage-De-Roussillon;RMQS_2024_LE-PEAGE-DE-ROUSILLON_1556;RMQS_2024_LE-PEAGE-DE-ROUSILLON_1556_PB1;45.3690149100078;4.77475157668675;138;Verger;woodland;Harpalus affinis;male;31
Le Peage-De-Roussillon;RMQS_2024_LE-PEAGE-DE-ROUSILLON_1556;RMQS_2024_LE-PEAGE-DE-ROUSILLON_1556_PB1;45.3690149100078;4.77475157668675;138;Verger;woodland;Harpalus affinis;male;37
Le Peage-De-Roussillon;RMQS_2024_LE-PEAGE-DE-ROUSILLON_1556;RMQS_2024_LE-PEAGE-DE-ROUSILLON_1556_PB2;45.3690149100078;4.77475157668675;138;Verger;woodland;Harpalus affinis;male;39.9
Le Peage-De-Roussillon;RMQS_2024_LE PEAGE-DE-ROUSILLON_1556;RMQS_2024_LE PEAGE-DE-ROUSILLON_1556_PB3;45.3690149100078;4.77475157668675;138;Verger;woodland;Harpalus affinis;male;33
Le Peage-De-Roussillon;RMQS_2024_LE-PEAGE-DE-ROUSILLON_1556;RMQS_2024_LE-PEAGE-DE-ROUSILLON_1556_PB5;45.3690149100078;4.77475157668675;138;Verger;woodland;Harpalus affinis;male;41
Puimoisson;RMQS_2024_PUIMOISSON_1992;RMQS_2024_PUIMOISSON_1992_PB3;43.8921670756657;6.10461897406734;712;Culture de coriande;open;Harpalus decipiens;male;42
Saint-Martin-de-Lansuscle;RMQS_2024_SAINT-MARTIN-DE-LANSUSCLE_1887;RMQS_2024_SAINT-MARTIN-DE-LANSUSCLE_1887_PB6;44.2375443985216;3.7226445983764;928;Lande à bruyère / fougeraie;open;Harpalus decipiens;female;40.4
Saint-Martin-de-Lansuscle;RMQS_2024_SAINT-MARTIN-DE-LANSUSCLE_1887;RMQS_2024_SAINT-MARTIN-DE-LANSUSCLE_1887_PB6;44.2375443985216;3.7226445983764;928;Lande à bruyère / fougeraie;open;Harpalus decipiens;female;27.3
Saint-Martin-de-Lansuscle;RMQS_2024_SAINT-MARTIN-DE-LANSUSCLE_1887;RMQS_2024_SAINT-MARTIN-DE-LANSUSCLE_1887_PB5;44.2375443985216;3.7226445983764;928;Lande à bruyère / fougeraie;open;Harpalus decipiens;female;51.4
Saint-Martin-de-Lansuscle;RMQS_2024_SAINT-MARTIN-DE-LANSUSCLE_1887;RMQS_2024_SAINT-MARTIN-DE-LANSUSCLE_1887_PB2;44.2375443985216;3.7226445983764;928;Lande à bruyère / fougeraie;open;Harpalus decipiens;female;34.4
Saint-Martin-de-Lansuscle;RMQS_2024_SAINT-MARTIN-DE-LANSUSCLE_1887;RMQS_2024_SAINT-MARTIN-DE-LANSUSCLE_1887_PB2;44.2375443985216;3.7226445983764;928;Lande à bruyère / fougeraie;open;Harpalus decipiens;female;55.8
Saint-Martin-de-Lansuscle;RMQS_2024_SAINT-MARTIN-DE-LANSUSCLE_1887;RMQS_2024_SAINT-MARTIN-DE-LANSUSCLE_1887_PB2;44.2375443985216;3.7226445983764;928;Lande à bruyère / fougeraie;open;Harpalus decipiens;female;36.8
Saint-Martin-de-Lansuscle;RMQS_2024_SAINT-MARTIN-DE-LANSUSCLE_1887;RMQS_2024_SAINT-MARTIN-DE-LANSUSCLE_1887_PB2;44.2375443985216;3.7226445983764;928;Lande à bruyère / fougeraie;open;Harpalus decipiens;female;48.6
Saint-Martin-de-Lansuscle;RMQS_2024_SAINT-MARTIN-DE-LANSUSCLE_1887;RMQS_2024_SAINT-MARTIN-DE-LANSUSCLE_1887_PB3;44.2375443985216;3.7226445983764;928;Lande à bruyère / fougeraie;open;Harpalus decipiens;female;46.2
Saint-Martin-de-Lansuscle;RMQS_2024_SAINT-MARTIN-DE-LANSUSCLE_1887;RMQS_2024_SAINT-MARTIN-DE-LANSUSCLE_1887_PB3;44.2375443985216;3.7226445983764;928;Lande à bruyère / fougeraie;open;Harpalus decipiens;female;38.8
Saint-Martin-de-Lansuscle;RMQS_2024_SAINT-MARTIN-DE-LANSUSCLE_1887;RMQS_2024_SAINT-MARTIN-DE-LANSUSCLE_1887_PB6;44.2375443985216;3.7226445983764;928;Lande à bruyère / fougeraie;open;Harpalus decipiens;male;30.2
Saint-Martin-de-Lansuscle;RMQS_2024_SAINT-MARTIN-DE-LANSUSCLE_1887;RMQS_2024_SAINT-MARTIN-DE-LANSUSCLE_1887_PB6;44.2375443985216;3.7226445983764;928;Lande à bruyère / fougeraie;open;Harpalus decipiens;male;26
Saint-Martin-de-Lansuscle;RMQS_2024_SAINT-MARTIN-DE-LANSUSCLE_1887;RMQS_2024_SAINT-MARTIN-DE-LANSUSCLE_1887_PB6;44.2375443985216;3.7226445983764;928;Lande à bruyère / fougeraie;open;Harpalus decipiens;male;27.4
Saint-Martin-de-Lansuscle;RMQS_2024_SAINT-MARTIN-DE-LANSUSCLE_1887;RMQS_2024_SAINT-MARTIN-DE-LANSUSCLE_1887_PB4;44.2375443985216;3.7226445983764;928;Lande à bruyère / fougeraie;open;Harpalus decipiens;male;34.4
Saint-Martin-de-Lansuscle;RMQS_2024_SAINT-MARTIN-DE-LANSUSCLE_1887;RMQS_2024_SAINT-MARTIN-DE-LANSUSCLE_1887_PB5;44.2375443985216;3.7226445983764;928;Lande à bruyère / fougeraie;open;Harpalus decipiens;male;42.5
Saint-Martin-de-Lansuscle;RMQS_2024_SAINT-MARTIN-DE-LANSUSCLE_1887;RMQS_2024_SAINT-MARTIN-DE-LANSUSCLE_1887_PB3;44.2375443985216;3.7226445983764;928;Lande à bruyère / fougeraie;open;Harpalus decipiens;male;43.6
Saint-Martin-de-Lansuscle;RMQS_2024_SAINT-MARTIN-DE-LANSUSCLE_1887;RMQS_2024_SAINT-MARTIN-DE-LANSUSCLE_1887_PB3;44.2375443985216;3.7226445983764;928;Lande à bruyère / fougeraie;open;Harpalus decipiens;male;25
Belmont-sur-Rance;RMQS_2024_BELMONT-SUR-RANCE_2021;RMQS_2024_BELMONT-SUR-RANCE_2021_PB2;43.8125780995336;2.72179965795729;506;Chenaie;woodland;Harpalus dimidiatus;female;111
Belmont-sur-Rance;RMQS_2024_BELMONT-SUR-RANCE_2021;RMQS_2024_BELMONT-SUR-RANCE_2021_PB5;43.8125780995336;2.72179965795729;506;Chenaie;woodland;Harpalus dimidiatus;male;72
Belmont-sur-Rance;RMQS_2024_BELMONT-SUR-RANCE_2021;RMQS_2024_BELMONT-SUR-RANCE_2021_PB5;43.8125780995336;2.72179965795729;506;Chenaie;woodland;Harpalus dimidiatus;male;100
Aucelon;RMQS_2024_AUCELON_1768;RMQS_2024_AUCELON_1768_PB3;44.6346263421969;5.34894544254264;751;Chênaie claire;woodland;Harpalus dimidiatus;male;133
Lagos;RMQS_2024_LAGOS_2182;RMQS_2024_LAGOS_2182_PB2;43.2099108298878;-0.231911972629328;245;Culture;open;harpalus dimidiatus;female;89.3
Lagos;RMQS_2024_LAGOS_2182;RMQS_2024_LAGOS_2182_PB5;43.2099108298878;-0.231911972629328;245;Culture;open;Harpalus dimidiatus;female;120
Lagos;RMQS_2024_LAGOS_2182;RMQS_2024_LAGOS_2182_PB5;43.2099108298878;-0.231911972629328;245;Culture;open;Harpalus dimidiatus;male;108
Le Mas;RMQS_2024_LE MAS_1996;RMQS_2024_LE MAS_1996_PB3;43.8563416618755;6.90327394449335;757;Prairie;open;harpalus dimidiatus;female;115.8
Auzon;RMQS_2024_AUZON_1549;RMQS_2024_AUZON_1549_PB3;45.3911047765517;3.34517713570663;400;Prairie de fauche;open;Harpalus dimidiatus;male;25.72
Le Peage-De-Roussillon;RMQS_2024_LE-PEAGE-DE-ROUSILLON_1556;RMQS_2024_LE-PEAGE-DE-ROUSILLON_1556_PB2;45.3690149100078;4.77475157668675;138;Verger;woodland;Harpalus dimidiatus;male;57
Le Peage-De-Roussillon;RMQS_2024_LE-PEAGE-DE-ROUSILLON_1556;RMQS_2024_LE-PEAGE-DE-ROUSILLON_1556_PB2;45.3690149100078;4.77475157668675;138;Verger;woodland;Harpalus dimidiatus;male;76
Le Peage-De-Roussillon;RMQS_2024_LE PEAGE-DE-ROUSILLON_1556;RMQS_2024_LE PEAGE-DE-ROUSILLON_1556_PB4;45.3690149100078;4.77475157668675;138;Verger;woodland;Harpalus dimidiatus;male;56
Arles;RMQS_2024_ARLES_2076;RMQS_2024_ARLES_2076_PB3;43.6487932757976;4.50250101102574;0;Pelouse écorchée à salicorne;open;Harpalus dispar;female;28.1
Arles;RMQS_2024_ARLES_2076;RMQS_2024_ARLES_2076_PB4;43.6487932757976;4.50250101102574;0;Pelouse écorchée à salicorne;open;Harpalus dispar;female;26.3
Arles;RMQS_2024_ARLES_2076;RMQS_2024_ARLES_2076_PB4;43.6487932757976;4.50250101102574;0;Pelouse écorchée à salicorne;open;Harpalus dispar;female;44.1
Arles;RMQS_2024_ARLES_2076;RMQS_2024_ARLES_2076_PB3;43.6487932757976;4.50250101102574;0;Pelouse écorchée à salicorne;open;Harpalus dispar;male;30.3
Arles;RMQS_2024_ARLES_2076;RMQS_2024_ARLES_2076_PB2;43.6487932757976;4.50250101102574;0;Pelouse écorchée à salicorne;open;Harpalus dispar;male;46.7
Lagos;RMQS_2024_LAGOS_2182;RMQS_2024_LAGOS_2182_PB3;43.2099108298878;-0.231911972629328;245;Culture;open;Harpalus distinguendus;female;48.5
Lagos;RMQS_2024_LAGOS_2182;RMQS_2024_LAGOS_2182_PB1;43.2099108298878;-0.231911972629328;245;Culture;open;Harpalus distinguendus;female;41.73
Belcastel;RMQS_2024_BELCASTEL_1837;RMQS_2024_BELCASTEL_1837_PB2;44.3889199310117;2.32434462405189;579;Culture;open;Harpalus distinguendus;male;59
Belcastel;RMQS_2024_BELCASTEL_1837;RMQS_2024_BELCASTEL_1837_PB3;44.3889199310117;2.32434462405189;579;Culture;open;Harpalus distinguendus;male;40
Belcastel;RMQS_2024_BELCASTEL_1837;RMQS_2024_BELCASTEL_1837_PB6;44.3889199310117;2.32434462405189;579;Culture;open;Harpalus distinguendus;male;40
Puimoisson;RMQS_2024_PUIMOISSON_1992;RMQS_2024_PUIMOISSON_1992_PB3;43.8921670756657;6.10461897406734;712;Culture de coriande;open;Harpalus distinguendus;female;66
Puimoisson;RMQS_2024_PUIMOISSON_1992;RMQS_2024_PUIMOISSON_1992_PB3;43.8921670756657;6.10461897406734;712;Culture de coriande;open;Harpalus distinguendus;female;39
Puimoisson;RMQS_2024_PUIMOISSON_1992;RMQS_2024_BELCASTEL_1992_PB1;43.8921670756657;6.10461897406734;712;Culture de coriande;open;Harpalus distinguendus;male;34
Puimoisson;RMQS_2024_PUIMOISSON_1992;RMQS_2024_PUIMOISSON_1992_PB5;43.8921670756657;6.10461897406734;712;Culture de coriande;open;Harpalus distinguendus;male;47
Puimoisson;RMQS_2024_PUIMOISSON_1992;RMQS_2024_PUIMOISSON_1992_PB3;43.8921670756657;6.10461897406734;712;Culture de coriande;open;Harpalus distinguendus;male;45
Le Peage-De-Roussillon;RMQS_2024_LE-PEAGE-DE-ROUSILLON_1556;RMQS_2024_LE-PEAGE-DE-ROUSILLON_1556_PB1;45.3690149100078;4.77475157668675;138;Verger;woodland;Harpalus distinguendus;female;43
Le Peage-De-Roussillon;RMQS_2024_LE-PEAGE-DE-ROUSILLON_1556;RMQS_2024_LE-PEAGE-DE-ROUSILLON_1556_PB1;45.3690149100078;4.77475157668675;138;Verger;woodland;Harpalus distinguendus;female;31
Le Peage-De-Roussillon;RMQS_2024_LE-PEAGE-DE-ROUSILLON_1556;RMQS_2024_LE-PEAGE-DE-ROUSILLON_1556_PB1;45.3690149100078;4.77475157668675;138;Verger;woodland;Harpalus distinguendus;female;37
Le Peage-De-Roussillon;RMQS_2024_LE-PEAGE-DE-ROUSILLON_1556;RMQS_2024_LE-PEAGE-DE-ROUSILLON_1556_PB2;45.3690149100078;4.77475157668675;138;Verger;woodland;Harpalus distinguendus;female;34
Le Peage-De-Roussillon;RMQS_2024_LE PEAGE-DE-ROUSILLON_1556;RMQS_2024_LE PEAGE-DE-ROUSILLON_1556_PB3;45.3690149100078;4.77475157668675;138;Verger;woodland;Harpalus distinguendus;female;58
Le Peage-De-Roussillon;RMQS_2024_LE PEAGE-DE-ROUSILLON_1556;RMQS_2024_LE PEAGE-DE-ROUSILLON_1556_PB3;45.3690149100078;4.77475157668675;138;Verger;woodland;Harpalus distinguendus;female;48
Le Peage-De-Roussillon;RMQS_2024_LE PEAGE-DE-ROUSILLON_1556;RMQS_2024_LE PEAGE-DE-ROUSILLON_1556_PB3;45.3690149100078;4.77475157668675;138;Verger;woodland;Harpalus distinguendus;female;31
Le Peage-De-Roussillon;RMQS_2024_LE PEAGE-DE-ROUSILLON_1556;RMQS_2024_LE PEAGE-DE-ROUSILLON_1556_PB4;45.3690149100078;4.77475157668675;138;Verger;woodland;Harpalus distinguendus;female;32.24
Le Peage-De-Roussillon;RMQS_2024_LE-PEAGE-DE-ROUSILLON_1556;RMQS_2024_LE-PEAGE-DE-ROUSILLON_1556_PB1;45.3690149100078;4.77475157668675;138;Verger;woodland;Harpalus distinguendus;male;52
Le Peage-De-Roussillon;RMQS_2024_LE-PEAGE-DE-ROUSILLON_1556;RMQS_2024_LE-PEAGE-DE-ROUSILLON_1556_PB1;45.3690149100078;4.77475157668675;138;Verger;woodland;Harpalus distinguendus;male;39
Le Peage-De-Roussillon;RMQS_2024_LE-PEAGE-DE-ROUSILLON_1556;RMQS_2024_LE-PEAGE-DE-ROUSILLON_1556_PB1;45.3690149100078;4.77475157668675;138;Verger;woodland;Harpalus distinguendus;male;37
Le Peage-De-Roussillon;RMQS_2024_LE-PEAGE-DE-ROUSILLON_1556;RMQS_2024_LE-PEAGE-DE-ROUSILLON_1556_PB1;45.3690149100078;4.77475157668675;138;Verger;woodland;Harpalus distinguendus;male;40
Le Peage-De-Roussillon;RMQS_2024_LE-PEAGE-DE-ROUSILLON_1556;RMQS_2024_LE-PEAGE-DE-ROUSILLON_1556_PB1;45.3690149100078;4.77475157668675;138;Verger;woodland;Harpalus distinguendus;male;31
Le Peage-De-Roussillon;RMQS_2024_LE-PEAGE-DE-ROUSILLON_1556;RMQS_2024_LE-PEAGE-DE-ROUSILLON_1556_PB1;45.3690149100078;4.77475157668675;138;Verger;woodland;Harpalus distinguendus;male;39
Le Peage-De-Roussillon;RMQS_2024_LE-PEAGE-DE-ROUSILLON_1556;RMQS_2024_LE-PEAGE-DE-ROUSILLON_1556_PB1;45.3690149100078;4.77475157668675;138;Verger;woodland;Harpalus distinguendus;male;27
Le Peage-De-Roussillon;RMQS_2024_LE-PEAGE-DE-ROUSILLON_1556;RMQS_2024_LE-PEAGE-DE-ROUSILLON_1556_PB1;45.3690149100078;4.77475157668675;138;Verger;woodland;Harpalus distinguendus;male;32
Le Peage-De-Roussillon;RMQS_2024_LE-PEAGE-DE-ROUSILLON_1556;RMQS_2024_LE-PEAGE-DE-ROUSILLON_1556_PB1;45.3690149100078;4.77475157668675;138;Verger;woodland;Harpalus distinguendus;male;32
Le Peage-De-Roussillon;RMQS_2024_LE-PEAGE-DE-ROUSILLON_1556;RMQS_2024_LE-PEAGE-DE-ROUSILLON_1556_PB1;45.3690149100078;4.77475157668675;138;Verger;woodland;Harpalus distinguendus;male;29
Le Peage-De-Roussillon;RMQS_2024_LE-PEAGE-DE-ROUSILLON_1556;RMQS_2024_LE-PEAGE-DE-ROUSILLON_1556_PB1;45.3690149100078;4.77475157668675;138;Verger;woodland;Harpalus distinguendus;male;44
Le Peage-De-Roussillon;RMQS_2024_LE-PEAGE-DE-ROUSILLON_1556;RMQS_2024_LE-PEAGE-DE-ROUSILLON_1556_PB1;45.3690149100078;4.77475157668675;138;Verger;woodland;Harpalus distinguendus;male;51
Le Peage-De-Roussillon;RMQS_2024_LE-PEAGE-DE-ROUSILLON_1556;RMQS_2024_LE-PEAGE-DE-ROUSILLON_1556_PB1;45.3690149100078;4.77475157668675;138;Verger;woodland;Harpalus distinguendus;male;24
Le Peage-De-Roussillon;RMQS_2024_LE-PEAGE-DE-ROUSILLON_1556;RMQS_2024_LE-PEAGE-DE-ROUSILLON_1556_PB1;45.3690149100078;4.77475157668675;138;Verger;woodland;Harpalus distinguendus;male;35
Le Peage-De-Roussillon;RMQS_2024_LE-PEAGE-DE-ROUSILLON_1556;RMQS_2024_LE-PEAGE-DE-ROUSILLON_1556_PB1;45.3690149100078;4.77475157668675;138;Verger;woodland;Harpalus distinguendus;male;38
Le Peage-De-Roussillon;RMQS_2024_LE-PEAGE-DE-ROUSILLON_1556;RMQS_2024_LE-PEAGE-DE-ROUSILLON_1556_PB1;45.3690149100078;4.77475157668675;138;Verger;woodland;Harpalus distinguendus;male;39
Le Peage-De-Roussillon;RMQS_2024_LE-PEAGE-DE-ROUSILLON_1556;RMQS_2024_LE-PEAGE-DE-ROUSILLON_1556_PB2;45.3690149100078;4.77475157668675;138;Verger;woodland;Harpalus distinguendus;male;30
Le Peage-De-Roussillon;RMQS_2024_LE-PEAGE-DE-ROUSILLON_1556;RMQS_2024_LE-PEAGE-DE-ROUSILLON_1556_PB2;45.3690149100078;4.77475157668675;138;Verger;woodland;Harpalus distinguendus;male;25
Le Peage-De-Roussillon;RMQS_2024_LE-PEAGE-DE-ROUSILLON_1556;RMQS_2024_LE-PEAGE-DE-ROUSILLON_1556_PB2;45.3690149100078;4.77475157668675;138;Verger;woodland;Harpalus distinguendus;male;26.4
Le Peage-De-Roussillon;RMQS_2024_LE-PEAGE-DE-ROUSILLON_1556;RMQS_2024_LE-PEAGE-DE-ROUSILLON_1556_PB2;45.3690149100078;4.77475157668675;138;Verger;woodland;Harpalus distinguendus;male;36
Le Peage-De-Roussillon;RMQS_2024_LE-PEAGE-DE-ROUSILLON_1556;RMQS_2024_LE-PEAGE-DE-ROUSILLON_1556_PB2;45.3690149100078;4.77475157668675;138;Verger;woodland;Harpalus distinguendus;male;35
Le Peage-De-Roussillon;RMQS_2024_LE-PEAGE-DE-ROUSILLON_1556;RMQS_2024_LE-PEAGE-DE-ROUSILLON_1556_PB2;45.3690149100078;4.77475157668675;138;Verger;woodland;Harpalus distinguendus;male;36
Le Peage-De-Roussillon;RMQS_2024_LE-PEAGE-DE-ROUSILLON_1556;RMQS_2024_LE-PEAGE-DE-ROUSILLON_1556_PB2;45.3690149100078;4.77475157668675;138;Verger;woodland;Harpalus distinguendus;male;25
Le Peage-De-Roussillon;RMQS_2024_LE-PEAGE-DE-ROUSILLON_1556;RMQS_2024_LE-PEAGE-DE-ROUSILLON_1556_PB2;45.3690149100078;4.77475157668675;138;Verger;woodland;Harpalus distinguendus;male;32
Le Peage-De-Roussillon;RMQS_2024_LE PEAGE-DE-ROUSILLON_1556;RMQS_2024_LE PEAGE-DE-ROUSILLON_1556_PB3;45.3690149100078;4.77475157668675;138;Verger;woodland;Harpalus distinguendus;male;40
Le Peage-De-Roussillon;RMQS_2024_LE PEAGE-DE-ROUSILLON_1556;RMQS_2024_LE PEAGE-DE-ROUSILLON_1556_PB3;45.3690149100078;4.77475157668675;138;Verger;woodland;Harpalus distinguendus;male;33
Le Peage-De-Roussillon;RMQS_2024_LE PEAGE-DE-ROUSILLON_1556;RMQS_2024_LE PEAGE-DE-ROUSILLON_1556_PB3;45.3690149100078;4.77475157668675;138;Verger;woodland;Harpalus distinguendus;male;49
Le Peage-De-Roussillon;RMQS_2024_LE PEAGE-DE-ROUSILLON_1556;RMQS_2024_LE PEAGE-DE-ROUSILLON_1556_PB3;45.3690149100078;4.77475157668675;138;Verger;woodland;Harpalus distinguendus;male;27
Le Peage-De-Roussillon;RMQS_2024_LE PEAGE-DE-ROUSILLON_1556;RMQS_2024_LE PEAGE-DE-ROUSILLON_1556_PB3;45.3690149100078;4.77475157668675;138;Verger;woodland;Harpalus distinguendus;male;31
Le Peage-De-Roussillon;RMQS_2024_LE PEAGE-DE-ROUSILLON_1556;RMQS_2024_LE PEAGE-DE-ROUSILLON_1556_PB3;45.3690149100078;4.77475157668675;138;Verger;woodland;Harpalus distinguendus;male;46
Le Peage-De-Roussillon;RMQS_2024_LE PEAGE-DE-ROUSILLON_1556;RMQS_2024_LE PEAGE-DE-ROUSILLON_1556_PB3;45.3690149100078;4.77475157668675;138;Verger;woodland;Harpalus distinguendus;male;31
Le Peage-De-Roussillon;RMQS_2024_LE PEAGE-DE-ROUSILLON_1556;RMQS_2024_LE PEAGE-DE-ROUSILLON_1556_PB3;45.3690149100078;4.77475157668675;138;Verger;woodland;Harpalus distinguendus;male;21
Le Peage-De-Roussillon;RMQS_2024_LE PEAGE-DE-ROUSILLON_1556;RMQS_2024_LE PEAGE-DE-ROUSILLON_1556_PB6;45.3690149100078;4.77475157668675;138;Verger;woodland;Harpalus distinguendus;male;34
Le Peage-De-Roussillon;RMQS_2024_LE-PEAGE-DE-ROUSILLON_1556;RMQS_2024_LE-PEAGE-DE-ROUSILLON_1556_PB5;45.3690149100078;4.77475157668675;138;Verger;woodland;Harpalus distinguendus;male;38.8
Le Peage-De-Roussillon;RMQS_2024_LE-PEAGE-DE-ROUSILLON_1556;RMQS_2024_LE-PEAGE-DE-ROUSILLON_1556_PB5;45.3690149100078;4.77475157668675;138;Verger;woodland;Harpalus distinguendus;male;44.16
Le Peage-De-Roussillon;RMQS_2024_LE PEAGE-DE-ROUSILLON_1556;RMQS_2024_LE PEAGE-DE-ROUSILLON_1556_PB4;45.3690149100078;4.77475157668675;138;Verger;woodland;Harpalus distinguendus;male;23.77
Le Peage-De-Roussillon;RMQS_2024_LE PEAGE-DE-ROUSILLON_1556;RMQS_2024_LE PEAGE-DE-ROUSILLON_1556_PB3;45.3690149100078;4.77475157668675;138;Verger;woodland;Harpalus griseus;male;41
Belcastel;RMQS_2024_BELCASTEL_1837;RMQS_2024_BELCASTEL_1837_PB5;44.3889199310117;2.32434462405189;579;Culture;open;Harpalus honestus;female;17.6
Puimoisson;RMQS_2024_PUIMOISSON_1992;RMQS_2024_PUIMOISSON_1992_PB3;43.8921670756657;6.10461897406734;712;Culture de coriande;open;Harpalus honestus;female;48
Puimoisson;RMQS_2024_PUIMOISSON_1992;RMQS_2024_PUIMOISSON_1992_PB3;43.8921670756657;6.10461897406734;712;Culture de coriande;open;Harpalus honestus;male;30
Saint-Martin-de-Lansuscle;RMQS_2024_SAINT-MARTIN-DE-LANSUSCLE_1887;RMQS_2024_SAINT-MARTIN-DE-LANSUSCLE_1887_PB4;44.2375443985216;3.7226445983764;928;Lande à bruyère / fougeraie;open;Harpalus honestus;female;28.8
Auzon;RMQS_2024_AUZON_1549;RMQS_2024_AUZON_1549_PB3;45.3911047765517;3.34517713570663;400;Prairie de fauche;open;Harpalus honestus;male;46.36
Arles;RMQS_2024_ARLES_2076;RMQS_2024_ARLES_2076_PB3;43.6487932757976;4.50250101102574;0;Pelouse écorchée à salicorne;open;Harpalus punctatostriatus;male;22.5
Lagos;RMQS_2024_LAGOS_2182;RMQS_2024_LAGOS_2182_PB5;43.2099108298878;-0.231911972629328;245;Culture;open;Harpalus punctipennis;female;36.56
Belcastel;RMQS_2024_BELCASTEL_1837;RMQS_2024_BELCASTEL_1837_PB4;44.3889199310117;2.32434462405189;579;Culture;open;Harpalus rubripes;male;53
Saint-Martin-de-Lansuscle;RMQS_2024_SAINT-MARTIN-DE-LANSUSCLE_1887;RMQS_2024_SAINT-MARTIN-DE-LANSUSCLE_1887_PB3;44.2375443985216;3.7226445983764;928;Lande à bruyère / fougeraie;open;Harpalus rubripes;male;46.6
Auzon;RMQS_2024_AUZON_1549;RMQS_2024_AUZON_1549_PB6;45.3911047765517;3.34517713570663;400;Prairie de fauche;open;Harpalus rufipes;female;132.9
Le Peage-De-Roussillon;RMQS_2024_LE-PEAGE-DE-ROUSILLON_1556;RMQS_2024_LE-PEAGE-DE-ROUSILLON_1556_PB5;45.3690149100078;4.77475157668675;138;Verger;woodland;Harpalus rufipes;male;115.6
Auzon;RMQS_2024_AUZON_1549;RMQS_2024_AUZON_1549_PB3;45.3911047765517;3.34517713570663;400;Prairie de fauche;open;Harpalus subcylindricus;female;29.86
Auzon;RMQS_2024_AUZON_1549;RMQS_2024_AUZON_1549_PB3;45.3911047765517;3.34517713570663;400;Prairie de fauche;open;Harpalus subcylindricus;female;14.1
Auzon;RMQS_2024_AUZON_1549;RMQS_2024_AUZON_1549_PB4;45.3911047765517;3.34517713570663;400;Prairie de fauche;open;Harpalus tardus;female;40.29
Belcastel;RMQS_2024_BELCASTEL_1837;RMQS_2024_BELCASTEL_1837_PB3;44.3889199310117;2.32434462405189;579;Culture;open;Microlestes;female;0.1
Lagos;RMQS_2024_LAGOS_2182;RMQS_2024_LAGOS_2182_PB6;43.2099108298878;-0.231911972629328;245;Culture;open;Nebria brevicollis;female;72.8
Bregnier-Cordon;RMQS_2024_BREGNIER-CORDON_1477;RMQS_2024_BREGNIER-CORDON_1477_PB4;45.6401693491095;5.61003921649128;209;Friche humide;open;Nebria brevicollis;female;28.2
Bregnier-Cordon;RMQS_2024_BREGNIER-CORDON_1477;RMQS_2024_BREGNIER-CORDON_1477_PB4;45.6401693491095;5.61003921649128;209;Friche humide;open;Nebria brevicollis;male;23
Bregnier-Cordon;RMQS_2024_BREGNIER-CORDON_1477;RMQS_2024_BREGNIER-CORDON_1477_PB5;45.6401693491095;5.61003921649128;209;Friche humide;open;Nebria brevicollis;male;13.16
Le Peage-De-Roussillon;RMQS_2024_LE-PEAGE-DE-ROUSILLON_1556;RMQS_2024_LE-PEAGE-DE-ROUSILLON_1556_PB1;45.3690149100078;4.77475157668675;138;Verger;woodland;Nebria brevicollis;female;54
Le Peage-De-Roussillon;RMQS_2024_LE PEAGE-DE-ROUSILLON_1556;RMQS_2024_LE PEAGE-DE-ROUSILLON_1556_PB5;45.3690149100078;4.77475157668675;138;Verger;woodland;Nebria brevicollis;female;68
Le Peage-De-Roussillon;RMQS_2024_LE PEAGE-DE-ROUSILLON_1556;RMQS_2024_LE PEAGE-DE-ROUSILLON_1556_PB3;45.3690149100078;4.77475157668675;138;Verger;woodland;Nebria brevicollis;male;73
Le Peage-De-Roussillon;RMQS_2024_LE PEAGE-DE-ROUSILLON_1556;RMQS_2024_LE PEAGE-DE-ROUSILLON_1556_PB3;45.3690149100078;4.77475157668675;138;Verger;woodland;Nebria brevicollis;male;66
Le Peage-De-Roussillon;RMQS_2024_LE PEAGE-DE-ROUSILLON_1556;RMQS_2024_LE PEAGE-DE-ROUSILLON_1556_PB3;45.3690149100078;4.77475157668675;138;Verger;woodland;Nebria brevicollis;male;70
Le Peage-De-Roussillon;RMQS_2024_LE PEAGE-DE-ROUSILLON_1556;RMQS_2024_LE PEAGE-DE-ROUSILLON_1556_PB5;45.3690149100078;4.77475157668675;138;Verger;woodland;Nebria brevicollis;male;70.1
Le Peage-De-Roussillon;RMQS_2024_LE PEAGE-DE-ROUSILLON_1556;RMQS_2024_LE PEAGE-DE-ROUSILLON_1556_PB5;45.3690149100078;4.77475157668675;138;Verger;woodland;Nebria brevicollis;male;79.9
Le Peage-De-Roussillon;RMQS_2024_LE-PEAGE-DE-ROUSILLON_1556;RMQS_2024_LE-PEAGE-DE-ROUSILLON_1556_PB2;45.3690149100078;4.77475157668675;138;Verger;woodland;Nebria salina;female;53
Le Peage-De-Roussillon;RMQS_2024_LE-PEAGE-DE-ROUSILLON_1556;RMQS_2024_LE-PEAGE-DE-ROUSILLON_1556_PB1;45.3690149100078;4.77475157668675;138;Verger;woodland;Notiophilus rufipes;male;5.6
Le Peage-De-Roussillon;RMQS_2024_LE PEAGE-DE-ROUSILLON_1556;RMQS_2024_LE PEAGE-DE-ROUSILLON_1556_PB6;45.3690149100078;4.77475157668675;138;Verger;woodland;Notiophilus rufipes;male;3.57
Le Peage-De-Roussillon;RMQS_2024_LE PEAGE-DE-ROUSILLON_1556;RMQS_2024_LE PEAGE-DE-ROUSILLON_1556_PB4;45.3690149100078;4.77475157668675;138;Verger;woodland;Notiophilus rufipes;male;5.76
Le Peage-De-Roussillon;RMQS_2024_LE-PEAGE-DE-ROUSILLON_1556;RMQS_2024_LE-PEAGE-DE-ROUSILLON_1556_PB2;45.3690149100078;4.77475157668675;138;Verger;woodland;Notiophilus substriatus;female;4.2
Le Peage-De-Roussillon;RMQS_2024_LE-PEAGE-DE-ROUSILLON_1556;RMQS_2024_LE-PEAGE-DE-ROUSILLON_1556_PB2;45.3690149100078;4.77475157668675;138;Verger;woodland;Notiophilus substriatus;female;3.8
Le Peage-De-Roussillon;RMQS_2024_LE PEAGE-DE-ROUSILLON_1556;RMQS_2024_LE PEAGE-DE-ROUSILLON_1556_PB3;45.3690149100078;4.77475157668675;138;Verger;woodland;Notiophilus substriatus;female;5.3
Le Peage-De-Roussillon;RMQS_2024_LE PEAGE-DE-ROUSILLON_1556;RMQS_2024_LE PEAGE-DE-ROUSILLON_1556_PB3;45.3690149100078;4.77475157668675;138;Verger;woodland;Notiophilus substriatus;female;4
Le Peage-De-Roussillon;RMQS_2024_LE PEAGE-DE-ROUSILLON_1556;RMQS_2024_LE PEAGE-DE-ROUSILLON_1556_PB6;45.3690149100078;4.77475157668675;138;Verger;woodland;Notiophilus substriatus;female;4.48
Le Peage-De-Roussillon;RMQS_2024_LE PEAGE-DE-ROUSILLON_1556;RMQS_2024_LE PEAGE-DE-ROUSILLON_1556_PB3;45.3690149100078;4.77475157668675;138;Verger;woodland;Notiophilus substriatus;male;3.1
Le Peage-De-Roussillon;RMQS_2024_LE PEAGE-DE-ROUSILLON_1556;RMQS_2024_LE PEAGE-DE-ROUSILLON_1556_PB3;45.3690149100078;4.77475157668675;138;Verger;woodland;Notiophilus substriatus;male;1.5
Le Peage-De-Roussillon;RMQS_2024_LE PEAGE-DE-ROUSILLON_1556;RMQS_2024_LE PEAGE-DE-ROUSILLON_1556_PB3;45.3690149100078;4.77475157668675;138;Verger;woodland;Notiophilus substriatus;male;3.6
Le Peage-De-Roussillon;RMQS_2024_LE-PEAGE-DE-ROUSILLON_1556;RMQS_2024_LE-PEAGE-DE-ROUSILLON_1556_PB5;45.3690149100078;4.77475157668675;138;Verger;woodland;Notiophilus substriatus;male;2.74
Le Peage-De-Roussillon;RMQS_2024_LE-PEAGE-DE-ROUSILLON_1556;RMQS_2024_LE-PEAGE-DE-ROUSILLON_1556_PB5;45.3690149100078;4.77475157668675;138;Verger;woodland;Notiophilus substriatus;male;2.15
Le Peage-De-Roussillon;RMQS_2024_LE-PEAGE-DE-ROUSILLON_1556;RMQS_2024_LE-PEAGE-DE-ROUSILLON_1556_PB5;45.3690149100078;4.77475157668675;138;Verger;woodland;Notiophilus substriatus;male;2.36
Le Peage-De-Roussillon;RMQS_2024_LE-PEAGE-DE-ROUSILLON_1556;RMQS_2024_LE-PEAGE-DE-ROUSILLON_1556_PB5;45.3690149100078;4.77475157668675;138;Verger;woodland;Notiophilus substriatus;male;2.18
Le Mas;RMQS_2024_LE MAS_1996;RMQS_2024_LE MAS_1996_PB3;43.8563416618755;6.90327394449335;757;Prairie;open;Ophonus azureus;female;7.07
Le Peage-De-Roussillon;RMQS_2024_LE-PEAGE-DE-ROUSILLON_1556;RMQS_2024_LE-PEAGE-DE-ROUSILLON_1556_PB5;45.3690149100078;4.77475157668675;138;Verger;woodland;Ophonus subquadratus;male;7.15
Belcastel;RMQS_2024_BELCASTEL_1837;RMQS_2024_BELCASTEL_1837_PB3;44.3889199310117;2.32434462405189;579;Culture;open;Parophonus maculicornis;female;14
Belcastel;RMQS_2024_BELCASTEL_1837;RMQS_2024_BELCASTEL_1837_PB6;44.3889199310117;2.32434462405189;579;Culture;open;Parophonus maculicornis;female;12.4
Belcastel;RMQS_2024_BELCASTEL_1837;RMQS_2024_BELCASTEL_1837_PB5;44.3889199310117;2.32434462405189;579;Culture;open;Parophonus maculicornis;female;5.4
Belcastel;RMQS_2024_BELCASTEL_1837;RMQS_2024_BELCASTEL_1837_PB6;44.3889199310117;2.32434462405189;579;Culture;open;Parophonus maculicornis;male;13.2
Belcastel;RMQS_2024_BELCASTEL_1837;RMQS_2024_BELCASTEL_1837_PB1;44.3889199310117;2.32434462405189;579;Culture;open;Parophonus maculicornis;male;11.3
Le Peage-De-Roussillon;RMQS_2024_LE PEAGE-DE-ROUSILLON_1556;RMQS_2024_LE PEAGE-DE-ROUSILLON_1556_PB4;45.3690149100078;4.77475157668675;138;Verger;woodland;Parophonus maculicornis;male;6.47
Belmont-sur-Rance;RMQS_2024_BELMONT-SUR-RANCE_2021;RMQS_2024_BELMONT-SUR-RANCE_2021_PB1;43.8125780995336;2.72179965795729;506;Chenaie;woodland;Platynus assimilis;female;29
Bregnier-Cordon;RMQS_2024_BREGNIER-CORDON_1477;RMQS_2024_BREGNIER-CORDON_1477_PB2;45.6401693491095;5.61003921649128;209;Friche humide;open;Platynus assimilis;male;27.4
Auzon;RMQS_2024_AUZON_1549;RMQS_2024_AUZON_1549_PB3;45.3911047765517;3.34517713570663;400;Prairie de fauche;open;platynus assimilis;male;29.2
Le Peage-De-Roussillon;RMQS_2024_LE PEAGE-DE-ROUSILLON_1556;RMQS_2024_LE PEAGE-DE-ROUSILLON_1556_PB6;45.3690149100078;4.77475157668675;138;Verger;woodland;Platynus assimilis;female;31.9
Le Peage-De-Roussillon;RMQS_2024_LE PEAGE-DE-ROUSILLON_1556;RMQS_2024_LE PEAGE-DE-ROUSILLON_1556_PB6;45.3690149100078;4.77475157668675;138;Verger;woodland;Platynus assimilis;female;42.6
Le Peage-De-Roussillon;RMQS_2024_LE PEAGE-DE-ROUSILLON_1556;RMQS_2024_LE PEAGE-DE-ROUSILLON_1556_PB6;45.3690149100078;4.77475157668675;138;Verger;woodland;Platynus assimilis;female;32.2
Le Peage-De-Roussillon;RMQS_2024_LE PEAGE-DE-ROUSILLON_1556;RMQS_2024_LE PEAGE-DE-ROUSILLON_1556_PB4;45.3690149100078;4.77475157668675;138;Verger;woodland;Platynus assimilis;female;47
Le Peage-De-Roussillon;RMQS_2024_LE PEAGE-DE-ROUSILLON_1556;RMQS_2024_LE PEAGE-DE-ROUSILLON_1556_PB6;45.3690149100078;4.77475157668675;138;Verger;woodland;Platynus assimilis;male;27
Le Peage-De-Roussillon;RMQS_2024_LE PEAGE-DE-ROUSILLON_1556;RMQS_2024_LE PEAGE-DE-ROUSILLON_1556_PB6;45.3690149100078;4.77475157668675;138;Verger;woodland;Platynus assimilis;male;20
Le Peage-De-Roussillon;RMQS_2024_LE PEAGE-DE-ROUSILLON_1556;RMQS_2024_LE PEAGE-DE-ROUSILLON_1556_PB6;45.3690149100078;4.77475157668675;138;Verger;woodland;Platynus assimilis;male;19
Le Peage-De-Roussillon;RMQS_2024_LE PEAGE-DE-ROUSILLON_1556;RMQS_2024_LE PEAGE-DE-ROUSILLON_1556_PB6;45.3690149100078;4.77475157668675;138;Verger;woodland;Platynus assimilis;male;11.6
Le Peage-De-Roussillon;RMQS_2024_LE PEAGE-DE-ROUSILLON_1556;RMQS_2024_LE PEAGE-DE-ROUSILLON_1556_PB4;45.3690149100078;4.77475157668675;138;Verger;woodland;Platynus assimilis;male;55
Le Peage-De-Roussillon;RMQS_2024_LE PEAGE-DE-ROUSILLON_1556;RMQS_2024_LE PEAGE-DE-ROUSILLON_1556_PB4;45.3690149100078;4.77475157668675;138;Verger;woodland;Platynus assimilis;male;53
Belcastel;RMQS_2024_BELCASTEL_1837;RMQS_2024_BELCASTEL_1837_PB2;44.3889199310117;2.32434462405189;579;Culture;open;Poecilus cupreus;female;109
Belcastel;RMQS_2024_BELCASTEL_1837;RMQS_2024_BELCASTEL_1837_PB2;44.3889199310117;2.32434462405189;579;Culture;open;Poecilus cupreus;female;113
Belcastel;RMQS_2024_BELCASTEL_1837;RMQS_2024_BELCASTEL_1837_PB3;44.3889199310117;2.32434462405189;579;Culture;open;Poecilus cupreus;female;98
Belcastel;RMQS_2024_BELCASTEL_1837;RMQS_2024_BELCASTEL_1837_PB6;44.3889199310117;2.32434462405189;579;Culture;open;Poecilus cupreus;female;104
Belcastel;RMQS_2024_BELCASTEL_1837;RMQS_2024_BELCASTEL_1837_PB4;44.3889199310117;2.32434462405189;579;Culture;open;Poecilus cupreus;female;91
Belcastel;RMQS_2024_BELCASTEL_1837;RMQS_2024_BELCASTEL_1837_PB5;44.3889199310117;2.32434462405189;579;Culture;open;Poecilus cupreus;female;89
Belcastel;RMQS_2024_BELCASTEL_1837;RMQS_2024_BELCASTEL_1837_PB1;44.3889199310117;2.32434462405189;579;Culture;open;Poecilus cupreus;female;80
Lagos;RMQS_2024_LAGOS_2182;RMQS_2024_LAGOS_2182_PB3;43.2099108298878;-0.231911972629328;245;Culture;open;Poecilus cupreus;female;80.5
Lagos;RMQS_2024_LAGOS_2182;RMQS_2024_LAGOS_2182_PB6;43.2099108298878;-0.231911972629328;245;Culture;open;Poecilus cupreus;female;94.2
Lagos;RMQS_2024_LAGOS_2182;RMQS_2024_LAGOS_2182_PB6;43.2099108298878;-0.231911972629328;245;Culture;open;Poecilus cupreus;female;101.6
Lagos;RMQS_2024_LAGOS_2182;RMQS_2024_LAGOS_2182_PB6;43.2099108298878;-0.231911972629328;245;Culture;open;Poecilus cupreus;female;101.1
Lagos;RMQS_2024_LAGOS_2182;RMQS_2024_LAGOS_2182_PB2;43.2099108298878;-0.231911972629328;245;Culture;open;Poecilus cupreus;female;126.3
Lagos;RMQS_2024_LAGOS_2182;RMQS_2024_LAGOS_2182_PB2;43.2099108298878;-0.231911972629328;245;Culture;open;Poecilus cupreus;female;72.4
Lagos;RMQS_2024_LAGOS_2182;RMQS_2024_LAGOS_2182_PB2;43.2099108298878;-0.231911972629328;245;Culture;open;Poecilus cupreus;female;110.3
Lagos;RMQS_2024_LAGOS_2182;RMQS_2024_LAGOS_2182_PB2;43.2099108298878;-0.231911972629328;245;Culture;open;Poecilus cupreus;female;115.1
Lagos;RMQS_2024_LAGOS_2182;RMQS_2024_LAGOS_2182_PB1;43.2099108298878;-0.231911972629328;245;Culture;open;Poecilus cupreus;female;72
Belcastel;RMQS_2024_BELCASTEL_1837;RMQS_2024_BELCASTEL_1837_PB2;44.3889199310117;2.32434462405189;579;Culture;open;Poecilus cupreus;male;95
Belcastel;RMQS_2024_BELCASTEL_1837;RMQS_2024_BELCASTEL_1837_PB3;44.3889199310117;2.32434462405189;579;Culture;open;Poecilus cupreus;male;77
Belcastel;RMQS_2024_BELCASTEL_1837;RMQS_2024_BELCASTEL_1837_PB4;44.3889199310117;2.32434462405189;579;Culture;open;Poecilus cupreus;male;104
Lagos;RMQS_2024_LAGOS_2182;RMQS_2024_LAGOS_2182_PB3;43.2099108298878;-0.231911972629328;245;Culture;open;Poecilus cupreus;male;92.7
Lagos;RMQS_2024_LAGOS_2182;RMQS_2024_LAGOS_2182_PB3;43.2099108298878;-0.231911972629328;245;Culture;open;Poecilus cupreus;male;80.4
Lagos;RMQS_2024_LAGOS_2182;RMQS_2024_LAGOS_2182_PB3;43.2099108298878;-0.231911972629328;245;Culture;open;Poecilus cupreus;male;100.4
Lagos;RMQS_2024_LAGOS_2182;RMQS_2024_LAGOS_2182_PB3;43.2099108298878;-0.231911972629328;245;Culture;open;Poecilus cupreus;male;82.2
Lagos;RMQS_2024_LAGOS_2182;RMQS_2024_LAGOS_2182_PB6;43.2099108298878;-0.231911972629328;245;Culture;open;Poecilus cupreus;male;93.4
Lagos;RMQS_2024_LAGOS_2182;RMQS_2024_LAGOS_2182_PB6;43.2099108298878;-0.231911972629328;245;Culture;open;Poecilus cupreus;male;97.6
Lagos;RMQS_2024_LAGOS_2182;RMQS_2024_LAGOS_2182_PB4;43.2099108298878;-0.231911972629328;245;Culture;open;Poecilus cupreus;male;85.4
Lagos;RMQS_2024_LAGOS_2182;RMQS_2024_LAGOS_2182_PB5;43.2099108298878;-0.231911972629328;245;Culture;open;Poecilus cupreus;male;68
Lagos;RMQS_2024_LAGOS_2182;RMQS_2024_LAGOS_2182_PB5;43.2099108298878;-0.231911972629328;245;Culture;open;Poecilus cupreus;male;104
Lagos;RMQS_2024_LAGOS_2182;RMQS_2024_LAGOS_2182_PB1;43.2099108298878;-0.231911972629328;245;Culture;open;Poecilus cupreus;male;68
Lagos;RMQS_2024_LAGOS_2182;RMQS_2024_LAGOS_2182_PB1;43.2099108298878;-0.231911972629328;245;Culture;open;Poecilus cupreus;male;86
Lagos;RMQS_2024_LAGOS_2182;RMQS_2024_LAGOS_2182_PB1;43.2099108298878;-0.231911972629328;245;Culture;open;Poecilus cupreus;male;82
Lagos;RMQS_2024_LAGOS_2182;RMQS_2024_LAGOS_2182_PB1;43.2099108298878;-0.231911972629328;245;Culture;open;Poecilus cupreus;male;85
Bregnier-Cordon;RMQS_2024_BREGNIER-CORDON_1477;RMQS_2024_BREGNIER-CORDON_1477_PB4;45.6401693491095;5.61003921649128;209;Friche humide;open;Poecilus cupreus;female;66.8
Crecy-Sur-Serre;RMQS_2024_CRECY-SUR-SERRE_137;RMQS_2024_CRECY-SUR-SERRE_137_PB3;;;;culture;open;Poecilus cupreus;female;68
Crecy-Sur-Serre;RMQS_2024_CRECY-SUR-SERRE_137;RMQS_2024_CRECY-SUR-SERRE_137_PB3;;;;culture;open;Poecilus cupreus;female;72
Crecy-Sur-Serre;RMQS_2024_CRECY-SUR-SERRE_137;RMQS_2024_CRECY-SUR-SERRE_137_PB3;;;;culture;open;Poecilus cupreus;female;80
Crecy-Sur-Serre;RMQS_2024_CRECY-SUR-SERRE_137;RMQS_2024_CRECY-SUR-SERRE_137_PB3;;;;culture;open;Poecilus cupreus;female;56
Crecy-Sur-Serre;RMQS_2024_CRECY-SUR-SERRE_137;RMQS_2024_CRECY-SUR-SERRE_137_PB3;;;;culture;open;Poecilus cupreus;female;87
Crecy-Sur-Serre;RMQS_2024_CRECY-SUR-SERRE_137;RMQS_2024_CRECY-SUR-SERRE_137_PB3;;;;culture;open;Poecilus cupreus;female;89
Crecy-Sur-Serre;RMQS_2024_CRECY-SUR-SERRE_137;RMQS_2024_CRECY-SUR-SERRE_137_PB3;;;;culture;open;Poecilus cupreus;female;38
Crecy-Sur-Serre;RMQS_2024_CRECY-SUR-SERRE_137;RMQS_2024_CRECY-SUR-SERRE_137_PB3;;;;culture;open;Poecilus cupreus;female;66
Crecy-Sur-Serre;RMQS_2024_CRECY-SUR-SERRE_137;RMQS_2024_CRECY-SUR-SERRE_137_PB3;;;;culture;open;Poecilus cupreus;female;64
Crecy-Sur-Serre;RMQS_2024_CRECY-SUR-SERRE_137;RMQS_2024_CRECY-SUR-SERRE_137_PB3;;;;culture;open;Poecilus cupreus;female;76
Crecy-Sur-Serre;RMQS_2024_CRECY-SUR-SERRE_137;RMQS_2024_CRECY-SUR-SERRE_137_PB3;;;;culture;open;Poecilus cupreus;female;44
Crecy-Sur-Serre;RMQS_2024_CRECY-SUR-SERRE_137;RMQS_2024_CRECY-SUR-SERRE_137_PB3;;;;culture;open;Poecilus cupreus;female;64
Crecy-Sur-Serre;RMQS_2024_CRECY-SUR-SERRE_137;RMQS_2024_CRECY-SUR-SERRE_137_PB3;;;;culture;open;Poecilus cupreus;female;26
Crecy-Sur-Serre;RMQS_2024_CRECY-SUR-SERRE_137;RMQS_2024_CRECY-SUR-SERRE_137_PB3;;;;culture;open;Poecilus cupreus;female;71
Crecy-Sur-Serre;RMQS_2024_CRECY-SUR-SERRE_137;RMQS_2024_CRECY-SUR-SERRE_137_PB3;;;;culture;open;Poecilus cupreus;female;49
Crecy-Sur-Serre;RMQS_2024_CRECY-SUR-SERRE_137;RMQS_2024_CRECY-SUR-SERRE_137_PB3;;;;culture;open;Poecilus cupreus;female;70
Crecy-Sur-Serre;RMQS_2024_CRECY-SUR-SERRE_137;RMQS_2024_CRECY-SUR-SERRE_137_PB3;;;;culture;open;Poecilus cupreus;female;71
Crecy-Sur-Serre;RMQS_2024_CRECY-SUR-SERRE_137;RMQS_2024_CRECY-SUR-SERRE_137_PB3;;;;culture;open;Poecilus cupreus;female;69
Crecy-Sur-Serre;RMQS_2024_CRECY-SUR-SERRE_137;RMQS_2024_CRECY-SUR-SERRE_137_PB3;;;;culture;open;Poecilus cupreus;male;64
Crecy-Sur-Serre;RMQS_2024_CRECY-SUR-SERRE_137;RMQS_2024_CRECY-SUR-SERRE_137_PB3;;;;culture;open;Poecilus cupreus;male;58
Crecy-Sur-Serre;RMQS_2024_CRECY-SUR-SERRE_137;RMQS_2024_CRECY-SUR-SERRE_137_PB3;;;;culture;open;Poecilus cupreus;male;58
Crecy-Sur-Serre;RMQS_2024_CRECY-SUR-SERRE_137;RMQS_2024_CRECY-SUR-SERRE_137_PB3;;;;culture;open;Poecilus cupreus;male;50
Crecy-Sur-Serre;RMQS_2024_CRECY-SUR-SERRE_137;RMQS_2024_CRECY-SUR-SERRE_137_PB3;;;;culture;open;Poecilus cupreus;male;72
Crecy-Sur-Serre;RMQS_2024_CRECY-SUR-SERRE_137;RMQS_2024_CRECY-SUR-SERRE_137_PB3;;;;culture;open;Poecilus cupreus;male;83
Crecy-Sur-Serre;RMQS_2024_CRECY-SUR-SERRE_137;RMQS_2024_CRECY-SUR-SERRE_137_PB3;;;;culture;open;Poecilus cupreus;male;62
Crecy-Sur-Serre;RMQS_2024_CRECY-SUR-SERRE_137;RMQS_2024_CRECY-SUR-SERRE_137_PB3;;;;culture;open;Poecilus cupreus;male;49
Crecy-Sur-Serre;RMQS_2024_CRECY-SUR-SERRE_137;RMQS_2024_CRECY-SUR-SERRE_137_PB3;;;;culture;open;Poecilus cupreus;male;69
Crecy-Sur-Serre;RMQS_2024_CRECY-SUR-SERRE_137;RMQS_2024_CRECY-SUR-SERRE_137_PB3;;;;culture;open;Poecilus cupreus;male;63
Crecy-Sur-Serre;RMQS_2024_CRECY-SUR-SERRE_137;RMQS_2024_CRECY-SUR-SERRE_137_PB3;;;;culture;open;Poecilus cupreus;male;64
Crecy-Sur-Serre;RMQS_2024_CRECY-SUR-SERRE_137;RMQS_2024_CRECY-SUR-SERRE_137_PB3;;;;culture;open;Poecilus cupreus;male;62
Crecy-Sur-Serre;RMQS_2024_CRECY-SUR-SERRE_137;RMQS_2024_CRECY-SUR-SERRE_137_PB3;;;;culture;open;Poecilus cupreus;male;70
Crecy-Sur-Serre;RMQS_2024_CRECY-SUR-SERRE_137;RMQS_2024_CRECY-SUR-SERRE_137_PB3;;;;culture;open;Poecilus cupreus;male;80
Crecy-Sur-Serre;RMQS_2024_CRECY-SUR-SERRE_137;RMQS_2024_CRECY-SUR-SERRE_137_PB3;;;;culture;open;Poecilus cupreus;male;59
Puimoisson;RMQS_2024_PUIMOISSON_1992;RMQS_2024_BELCASTEL_1992_PB6;43.8921670756657;6.10461897406734;712;Culture de coriande;open;Poecilus sericeus;female;134
Puimoisson;RMQS_2024_PUIMOISSON_1992;RMQS_2024_BELCASTEL_1992_PB6;43.8921670756657;6.10461897406734;712;Culture de coriande;open;Poecilus sericeus;female;136
Puimoisson;RMQS_2024_PUIMOISSON_1992;RMQS_2024_BELCASTEL_1992_PB6;43.8921670756657;6.10461897406734;712;Culture de coriande;open;Poecilus sericeus;female;121
Puimoisson;RMQS_2024_PUIMOISSON_1992;RMQS_2024_BELCASTEL_1992_PB6;43.8921670756657;6.10461897406734;712;Culture de coriande;open;Poecilus sericeus;female;113
Puimoisson;RMQS_2024_PUIMOISSON_1992;RMQS_2024_BELCASTEL_1992_PB6;43.8921670756657;6.10461897406734;712;Culture de coriande;open;Poecilus sericeus;female;94
Puimoisson;RMQS_2024_PUIMOISSON_1992;RMQS_2024_BELCASTEL_1992_PB6;43.8921670756657;6.10461897406734;712;Culture de coriande;open;Poecilus sericeus;female;100
Puimoisson;RMQS_2024_PUIMOISSON_1992;RMQS_2024_BELCASTEL_1992_PB4;43.8921670756657;6.10461897406734;712;Culture de coriande;open;Poecilus sericeus;female;89
Puimoisson;RMQS_2024_PUIMOISSON_1992;RMQS_2024_BELCASTEL_1992_PB2;43.8921670756657;6.10461897406734;712;Culture de coriande;open;Poecilus sericeus;female;104
Puimoisson;RMQS_2024_PUIMOISSON_1992;RMQS_2024_BELCASTEL_1992_PB2;43.8921670756657;6.10461897406734;712;Culture de coriande;open;Poecilus sericeus;female;125
Puimoisson;RMQS_2024_PUIMOISSON_1992;RMQS_2024_BELCASTEL_1992_PB2;43.8921670756657;6.10461897406734;712;Culture de coriande;open;Poecilus sericeus;female;129
Puimoisson;RMQS_2024_PUIMOISSON_1992;RMQS_2024_BELCASTEL_1992_PB2;43.8921670756657;6.10461897406734;712;Culture de coriande;open;Poecilus sericeus;female;144
Puimoisson;RMQS_2024_PUIMOISSON_1992;RMQS_2024_BELCASTEL_1992_PB1;43.8921670756657;6.10461897406734;712;Culture de coriande;open;Poecilus sericeus;female;103
Puimoisson;RMQS_2024_PUIMOISSON_1992;RMQS_2024_PUIMOISSON_1992_PB3;43.8921670756657;6.10461897406734;712;Culture de coriande;open;Poecilus sericeus;female;122
Puimoisson;RMQS_2024_PUIMOISSON_1992;RMQS_2024_BELCASTEL_1992_PB6;43.8921670756657;6.10461897406734;712;Culture de coriande;open;Poecilus sericeus;male;84
Puimoisson;RMQS_2024_PUIMOISSON_1992;RMQS_2024_BELCASTEL_1992_PB6;43.8921670756657;6.10461897406734;712;Culture de coriande;open;Poecilus sericeus;male;146
Puimoisson;RMQS_2024_PUIMOISSON_1992;RMQS_2024_BELCASTEL_1992_PB6;43.8921670756657;6.10461897406734;712;Culture de coriande;open;Poecilus sericeus;male;71
Puimoisson;RMQS_2024_PUIMOISSON_1992;RMQS_2024_BELCASTEL_1992_PB6;43.8921670756657;6.10461897406734;712;Culture de coriande;open;Poecilus sericeus;male;84
Puimoisson;RMQS_2024_PUIMOISSON_1992;RMQS_2024_BELCASTEL_1992_PB6;43.8921670756657;6.10461897406734;712;Culture de coriande;open;Poecilus sericeus;male;102
Puimoisson;RMQS_2024_PUIMOISSON_1992;RMQS_2024_BELCASTEL_1992_PB6;43.8921670756657;6.10461897406734;712;Culture de coriande;open;Poecilus sericeus;male;102
Puimoisson;RMQS_2024_PUIMOISSON_1992;RMQS_2024_BELCASTEL_1992_PB6;43.8921670756657;6.10461897406734;712;Culture de coriande;open;Poecilus sericeus;male;119
Puimoisson;RMQS_2024_PUIMOISSON_1992;RMQS_2024_BELCASTEL_1992_PB6;43.8921670756657;6.10461897406734;712;Culture de coriande;open;Poecilus sericeus;male;66
Puimoisson;RMQS_2024_PUIMOISSON_1992;RMQS_2024_BELCASTEL_1992_PB4;43.8921670756657;6.10461897406734;712;Culture de coriande;open;Poecilus sericeus;male;83
Puimoisson;RMQS_2024_PUIMOISSON_1992;RMQS_2024_BELCASTEL_1992_PB4;43.8921670756657;6.10461897406734;712;Culture de coriande;open;Poecilus sericeus;male;93
Puimoisson;RMQS_2024_PUIMOISSON_1992;RMQS_2024_BELCASTEL_1992_PB2;43.8921670756657;6.10461897406734;712;Culture de coriande;open;Poecilus sericeus;male;101
Puimoisson;RMQS_2024_PUIMOISSON_1992;RMQS_2024_BELCASTEL_1992_PB2;43.8921670756657;6.10461897406734;712;Culture de coriande;open;Poecilus sericeus;male;92
Puimoisson;RMQS_2024_PUIMOISSON_1992;RMQS_2024_BELCASTEL_1992_PB2;43.8921670756657;6.10461897406734;712;Culture de coriande;open;Poecilus sericeus;male;103
Puimoisson;RMQS_2024_PUIMOISSON_1992;RMQS_2024_BELCASTEL_1992_PB2;43.8921670756657;6.10461897406734;712;Culture de coriande;open;Poecilus sericeus;male;116
Puimoisson;RMQS_2024_PUIMOISSON_1992;RMQS_2024_BELCASTEL_1992_PB2;43.8921670756657;6.10461897406734;712;Culture de coriande;open;Poecilus sericeus;male;91
Puimoisson;RMQS_2024_PUIMOISSON_1992;RMQS_2024_BELCASTEL_1992_PB2;43.8921670756657;6.10461897406734;712;Culture de coriande;open;Poecilus sericeus;male;68
Puimoisson;RMQS_2024_PUIMOISSON_1992;RMQS_2024_BELCASTEL_1992_PB1;43.8921670756657;6.10461897406734;712;Culture de coriande;open;Poecilus sericeus;male;98
Puimoisson;RMQS_2024_PUIMOISSON_1992;RMQS_2024_BELCASTEL_1992_PB1;43.8921670756657;6.10461897406734;712;Culture de coriande;open;Poecilus sericeus;male;110
Puimoisson;RMQS_2024_PUIMOISSON_1992;RMQS_2024_BELCASTEL_1992_PB1;43.8921670756657;6.10461897406734;712;Culture de coriande;open;Poecilus sericeus;male;141
Puimoisson;RMQS_2024_PUIMOISSON_1992;RMQS_2024_PUIMOISSON_1992_PB5;43.8921670756657;6.10461897406734;712;Culture de coriande;open;Poecilus sericeus;male;116
Puimoisson;RMQS_2024_PUIMOISSON_1992;RMQS_2024_PUIMOISSON_1992_PB5;43.8921670756657;6.10461897406734;712;Culture de coriande;open;Poecilus sericeus;male;108
Puimoisson;RMQS_2024_PUIMOISSON_1992;RMQS_2024_PUIMOISSON_1992_PB5;43.8921670756657;6.10461897406734;712;Culture de coriande;open;Poecilus sericeus;male;134
Puimoisson;RMQS_2024_PUIMOISSON_1992;RMQS_2024_PUIMOISSON_1992_PB5;43.8921670756657;6.10461897406734;712;Culture de coriande;open;Poecilus sericeus;male;99
Puimoisson;RMQS_2024_PUIMOISSON_1992;RMQS_2024_PUIMOISSON_1992_PB5;43.8921670756657;6.10461897406734;712;Culture de coriande;open;Poecilus sericeus;male;67
Puimoisson;RMQS_2024_PUIMOISSON_1992;RMQS_2024_PUIMOISSON_1992_PB3;43.8921670756657;6.10461897406734;712;Culture de coriande;open;Poecilus sericeus desbrochersi;female;106
Puimoisson;RMQS_2024_PUIMOISSON_1992;RMQS_2024_PUIMOISSON_1992_PB3;43.8921670756657;6.10461897406734;712;Culture de coriande;open;Poecilus sericeus desbrochersi;female;89
Puimoisson;RMQS_2024_PUIMOISSON_1992;RMQS_2024_PUIMOISSON_1992_PB3;43.8921670756657;6.10461897406734;712;Culture de coriande;open;Poecilus sericeus desbrochersi;female;92
Puimoisson;RMQS_2024_PUIMOISSON_1992;RMQS_2024_PUIMOISSON_1992_PB3;43.8921670756657;6.10461897406734;712;Culture de coriande;open;Poecilus sericeus desbrochersi;female;101
Puimoisson;RMQS_2024_PUIMOISSON_1992;RMQS_2024_PUIMOISSON_1992_PB3;43.8921670756657;6.10461897406734;712;Culture de coriande;open;Poecilus sericeus desbrochersi;female;108
Puimoisson;RMQS_2024_PUIMOISSON_1992;RMQS_2024_PUIMOISSON_1992_PB3;43.8921670756657;6.10461897406734;712;Culture de coriande;open;Poecilus sericeus desbrochersi;male;61
Puimoisson;RMQS_2024_PUIMOISSON_1992;RMQS_2024_PUIMOISSON_1992_PB3;43.8921670756657;6.10461897406734;712;Culture de coriande;open;Poecilus sericeus desbrochersi;male;73
Puimoisson;RMQS_2024_PUIMOISSON_1992;RMQS_2024_PUIMOISSON_1992_PB3;43.8921670756657;6.10461897406734;712;Culture de coriande;open;Poecilus sericeus desbrochersi;male;73
Puimoisson;RMQS_2024_PUIMOISSON_1992;RMQS_2024_PUIMOISSON_1992_PB3;43.8921670756657;6.10461897406734;712;Culture de coriande;open;Poecilus sericeus desbrochersi;male;94
Puimoisson;RMQS_2024_PUIMOISSON_1992;RMQS_2024_PUIMOISSON_1992_PB3;43.8921670756657;6.10461897406734;712;Culture de coriande;open;Poecilus sericeus desbrochersi;male;96
Puimoisson;RMQS_2024_PUIMOISSON_1992;RMQS_2024_PUIMOISSON_1992_PB3;43.8921670756657;6.10461897406734;712;Culture de coriande;open;Poecilus sericeus desbrochersi;male;102
Puimoisson;RMQS_2024_PUIMOISSON_1992;RMQS_2024_PUIMOISSON_1992_PB3;43.8921670756657;6.10461897406734;712;Culture de coriande;open;Poecilus sericeus desbrochersi;male;62
Puimoisson;RMQS_2024_PUIMOISSON_1992;RMQS_2024_PUIMOISSON_1992_PB3;43.8921670756657;6.10461897406734;712;Culture de coriande;open;Poecilus sericeus desbrochersi;male;86
Puimoisson;RMQS_2024_PUIMOISSON_1992;RMQS_2024_PUIMOISSON_1992_PB3;43.8921670756657;6.10461897406734;712;Culture de coriande;open;Poecilus sericeus desbrochersi;male;86
Puimoisson;RMQS_2024_PUIMOISSON_1992;RMQS_2024_PUIMOISSON_1992_PB3;43.8921670756657;6.10461897406734;712;Culture de coriande;open;Poecilus sericeus desbrochersi;male;103
Puimoisson;RMQS_2024_PUIMOISSON_1992;RMQS_2024_PUIMOISSON_1992_PB3;43.8921670756657;6.10461897406734;712;Culture de coriande;open;Poecilus sericeus desbrochersi;male;90
Puimoisson;RMQS_2024_PUIMOISSON_1992;RMQS_2024_PUIMOISSON_1992_PB3;43.8921670756657;6.10461897406734;712;Culture de coriande;open;Poecilus sericeus desbrochersi;male;89
Puimoisson;RMQS_2024_PUIMOISSON_1992;RMQS_2024_PUIMOISSON_1992_PB3;43.8921670756657;6.10461897406734;712;Culture de coriande;open;Poecilus sericeus desbrochersi;male;109
Le Mas;RMQS_2024_LE MAS_1996;RMQS_2024_LE MAS_1996_PB3;43.8563416618755;6.90327394449335;757;Prairie;open;Poecilus sericeus desbrochersi;male;108.4
Puimoisson;RMQS_2024_PUIMOISSON_1992;RMQS_2024_BELCASTEL_1992_PB6;43.8921670756657;6.10461897406734;712;Culture de coriande;open;Poecilus versicolor;female;127
Puimoisson;RMQS_2024_PUIMOISSON_1992;RMQS_2024_PUIMOISSON_1992_PB5;43.8921670756657;6.10461897406734;712;Culture de coriande;open;Poecilus versicolor;female;124
Puimoisson;RMQS_2024_PUIMOISSON_1992;RMQS_2024_PUIMOISSON_1992_PB3;43.8921670756657;6.10461897406734;712;Culture de coriande;open;Poecilus versicolor;female;118
Puimoisson;RMQS_2024_PUIMOISSON_1992;RMQS_2024_BELCASTEL_1992_PB6;43.8921670756657;6.10461897406734;712;Culture de coriande;open;Poecilus versicolor;male;102
Puimoisson;RMQS_2024_PUIMOISSON_1992;RMQS_2024_BELCASTEL_1992_PB4;43.8921670756657;6.10461897406734;712;Culture de coriande;open;Poecilus versicolor;male;91
Puimoisson;RMQS_2024_PUIMOISSON_1992;RMQS_2024_PUIMOISSON_1992_PB3;43.8921670756657;6.10461897406734;712;Culture de coriande;open;Poecilus versicolor;male;118
Puimoisson;RMQS_2024_PUIMOISSON_1992;RMQS_2024_PUIMOISSON_1992_PB3;43.8921670756657;6.10461897406734;712;Culture de coriande;open;Poecilus versicolor;male;117
Auzon;RMQS_2024_AUZON_1549;RMQS_2024_AUZON_1549_PB3;45.3911047765517;3.34517713570663;400;Prairie de fauche;open;Poecilus versicolor;female;84
Auzon;RMQS_2024_AUZON_1549;RMQS_2024_AUZON_1549_PB3;45.3911047765517;3.34517713570663;400;Prairie de fauche;open;Poecilus versicolor;female;72
Auzon;RMQS_2024_AUZON_1549;RMQS_2024_AUZON_1549_PB3;45.3911047765517;3.34517713570663;400;Prairie de fauche;open;Poecilus versicolor;female;64
Auzon;RMQS_2024_AUZON_1549;RMQS_2024_AUZON_1549_PB6;45.3911047765517;3.34517713570663;400;Prairie de fauche;open;Poecilus versicolor;female;48.8
Auzon;RMQS_2024_AUZON_1549;RMQS_2024_AUZON_1549_PB3;45.3911047765517;3.34517713570663;400;Prairie de fauche;open;Poecilus versicolor;male;40.12
Auzon;RMQS_2024_AUZON_1549;RMQS_2024_AUZON_1549_PB3;45.3911047765517;3.34517713570663;400;Prairie de fauche;open;Poecilus versicolor;male;37.8
Auzon;RMQS_2024_AUZON_1549;RMQS_2024_AUZON_1549_PB3;45.3911047765517;3.34517713570663;400;Prairie de fauche;open;Poecilus versicolor;male;64
Auzon;RMQS_2024_AUZON_1549;RMQS_2024_AUZON_1549_PB3;45.3911047765517;3.34517713570663;400;Prairie de fauche;open;Poecilus versicolor;male;62
Auzon;RMQS_2024_AUZON_1549;RMQS_2024_AUZON_1549_PB3;45.3911047765517;3.34517713570663;400;Prairie de fauche;open;Poecilus versicolor;male;38.51
Auzon;RMQS_2024_AUZON_1549;RMQS_2024_AUZON_1549_PB3;45.3911047765517;3.34517713570663;400;Prairie de fauche;open;Poecilus versicolor;male;58
Auzon;RMQS_2024_AUZON_1549;RMQS_2024_AUZON_1549_PB3;45.3911047765517;3.34517713570663;400;Prairie de fauche;open;Poecilus versicolor;male;51
Auzon;RMQS_2024_AUZON_1549;RMQS_2024_AUZON_1549_PB3;45.3911047765517;3.34517713570663;400;Prairie de fauche;open;Poecilus versicolor;male;61
Auzon;RMQS_2024_AUZON_1549;RMQS_2024_AUZON_1549_PB3;45.3911047765517;3.34517713570663;400;Prairie de fauche;open;Poecilus versicolor;male;67
Auzon;RMQS_2024_AUZON_1549;RMQS_2024_AUZON_1549_PB3;45.3911047765517;3.34517713570663;400;Prairie de fauche;open;Poecilus versicolor;male;41
Auzon;RMQS_2024_AUZON_1549;RMQS_2024_AUZON_1549_PB3;45.3911047765517;3.34517713570663;400;Prairie de fauche;open;Poecilus versicolor;male;53
Auzon;RMQS_2024_AUZON_1549;RMQS_2024_AUZON_1549_PB3;45.3911047765517;3.34517713570663;400;Prairie de fauche;open;Poecilus versicolor;male;48.52
Auzon;RMQS_2024_AUZON_1549;RMQS_2024_AUZON_1549_PB3;45.3911047765517;3.34517713570663;400;Prairie de fauche;open;Poecilus versicolor;male;47
Auzon;RMQS_2024_AUZON_1549;RMQS_2024_AUZON_1549_PB6;45.3911047765517;3.34517713570663;400;Prairie de fauche;open;Poecilus versicolor;male;55.22
Auzon;RMQS_2024_AUZON_1549;RMQS_2024_AUZON_1549_PB6;45.3911047765517;3.34517713570663;400;Prairie de fauche;open;Poecilus versicolor;male;45.26
Lagos;RMQS_2024_LAGOS_2182;RMQS_2024_LAGOS_2182_PB5;43.2099108298878;-0.231911972629328;245;Culture;open;Pseudoophonus rufipes;female;41.32
Auzon;RMQS_2024_AUZON_1549;RMQS_2024_AUZON_1549_PB3;45.3911047765517;3.34517713570663;400;Prairie de fauche;open;Pseudoophonus rufipes;female;137
Porta;RMQS_2024_PORTA_2312;RMQS_2024_PORTA_2312_PB4;42.5280876159668;1.73446702957153;2267;Pelouse alpine;open;Pterostichus Colasi;female;19.3
Porta;RMQS_2024_PORTA_2312;RMQS_2024_PORTA_2312_PB4;42.5280876159668;1.73446702957153;2267;Pelouse alpine;open;Pterostichus Colasi;female;15.2
Porta;RMQS_2024_PORTA_2312;RMQS_2024_PORTA_2312_PB5;42.5280876159668;1.73446702957153;2267;Pelouse alpine;open;Pterostichus Colasi;female;22.9
Festes-et-Saint-Andre;RMQS_2024_FESTES-ET-SAINT-ANDRE_2257;RMQS_2024_FESTES-ET-SAINT-ANDRE_2257_PB3;42.9518241882324;2.12771511077881;528;Chênaie/ Érablaie;woodland;Pterostichus madidus;female;117
Festes-et-Saint-Andre;RMQS_2024_FESTES-ET-SAINT-ANDRE_2257;RMQS_2024_FESTES-ET-SAINT-ANDRE_2257_PB4;42.9518241882324;2.12771511077881;528;Chênaie/ Érablaie;woodland;Pterostichus madidus;female;171
Lagos;RMQS_2024_LAGOS_2182;RMQS_2024_LAGOS_2182_PB2;43.2099108298878;-0.231911972629328;245;Culture;open;Pterostichus madidus;female;151.5
Lagos;RMQS_2024_LAGOS_2182;RMQS_2024_LAGOS_2182_PB4;43.2099108298878;-0.231911972629328;245;Culture;open;Pterostichus madidus;female;157.6
Aulus-les-Bains;RMQS_2024_AULUS-LES-BAINS_2276;RMQS_2024_AULUS-LES-BAINS_2276_PB3;42.8033485412598;1.34712195396423;1218;Hetraie;open;Pterostichus madidus;female;147.3
Lagos;RMQS_2024_LAGOS_2182;RMQS_2024_LAGOS_2182_PB2;43.2099108298878;-0.231911972629328;245;Culture;open;Pterostichus niger;female;125.9
Bregnier-Cordon;RMQS_2024_BREGNIER-CORDON_1477;RMQS_2024_BREGNIER-CORDON_1477_PB3;45.6401693491095;5.61003921649128;209;Friche humide;open;pterostichus ovoideus;female;11.3
Bregnier-Cordon;RMQS_2024_BREGNIER-CORDON_1477;RMQS_2024_BREGNIER-CORDON_1477_PB3;45.6401693491095;5.61003921649128;209;Friche humide;open;Pterostichus ovoideus;female;9.19
Lagos;RMQS_2024_LAGOS_2182;RMQS_2024_LAGOS_2182_PB3;43.2099108298878;-0.231911972629328;245;Culture;open;Stomis pumicatus;male;4.7
Puimoisson;RMQS_2024_PUIMOISSON_1992;RMQS_2024_PUIMOISSON_1992_PB5;43.8921670756657;6.10461897406734;712;Culture de coriande;open;Trechini;female;0.22
